[11:35:16.950] [info] BetterEnchantmentEffects 0-1-0-0 loading on runtime 1-6-1170-0
[11:35:29.180] [info] kDataLoaded
[11:35:29.180] [info] settings loaded from A:\SteamLibrary\steamapps\common\Skyrim Special Edition\Data\SKSE\Plugins\BetterEnchantmentEffects.ini:
[11:35:29.181] [info]   [General]
[11:35:29.181] [info]   PlayerOnly=false
[11:35:29.181] [info]   EnableShaders=true
[11:35:29.181] [info]   ThirdPerson=true
[11:35:29.181] [info]   FirstPerson=true
[11:35:29.181] [info]   UniqueMaterial=true
[11:35:29.181] [info]   VerboseLogging=true
[11:35:29.181] [info]   AnimationFPS=60
[11:35:29.181] [info]   AnimationSpeed=1
[11:35:29.181] [info]   TextureScale=Full
[11:35:29.184] [info] recipes: 1295 editor IDs indexed (po3's Tweaks not loaded: only the engine's own)
[11:35:29.198] [info] imported recipe Skyrim-92DED for efsh 00092DED (Effects\DarkSwirls.dds) -> Data\SKSE\Plugins\BetterEnchantmentEffects\recipes\imported\Skyrim-92DED.json: reads back identical
[11:35:29.211] [info] imported recipe Skyrim-92DEC for efsh 00092DEC (Effects\VaporTile01.dds) -> Data\SKSE\Plugins\BetterEnchantmentEffects\recipes\imported\Skyrim-92DEC.json: reads back identical
[11:35:29.226] [info] imported recipe Skyrim-92DE9 for efsh 00092DE9 (Effects\DarkSwirls.dds) -> Data\SKSE\Plugins\BetterEnchantmentEffects\recipes\imported\Skyrim-92DE9.json: reads back identical
[11:35:29.240] [info] imported recipe Skyrim-92DE8 for efsh 00092DE8 (Effects\CloudTile.dds) -> Data\SKSE\Plugins\BetterEnchantmentEffects\recipes\imported\Skyrim-92DE8.json: reads back identical
[11:35:29.253] [info] imported recipe Skyrim-92DE7 for efsh 00092DE7 (Effects\VaporTile01.dds) -> Data\SKSE\Plugins\BetterEnchantmentEffects\recipes\imported\Skyrim-92DE7.json: reads back identical
[11:35:29.264] [info] imported recipe Skyrim-5D606 for efsh 0005D606 (Effects\EnchFlameProject01.dds) -> Data\SKSE\Plugins\BetterEnchantmentEffects\recipes\imported\Skyrim-5D606.json: reads back identical
[11:35:29.277] [info] imported recipe Skyrim-92DEE for efsh 00092DEE (Effects\CloudTile.dds) -> Data\SKSE\Plugins\BetterEnchantmentEffects\recipes\imported\Skyrim-92DEE.json: reads back identical
[11:35:29.289] [info] imported recipe Skyrim-1F03A for efsh 0001F03A (Effects\CloudTileFrostSmall.dds) -> Data\SKSE\Plugins\BetterEnchantmentEffects\recipes\imported\Skyrim-1F03A.json: reads back identical
[11:35:29.301] [info] imported recipe Skyrim-BCF27 for efsh 000BCF27 () -> Data\SKSE\Plugins\BetterEnchantmentEffects\recipes\imported\Skyrim-BCF27.json: reads back identical
[11:35:29.302] [info] presets: 0 mask presets
[11:35:29.302] [info] recipes: 9 loaded, 0 with errors, 0 unresolved editor IDs, 9 imported this session, folder A:\SteamLibrary\steamapps\common\Skyrim Special Edition\Data\SKSE\Plugins\BetterEnchantmentEffects\recipes
[11:35:29.303] [info] SKSE Menu Framework pages registered
[11:35:29.303] [info] event sinks registered
[11:35:29.303] [info] hooked PlayerCharacter::Update (vfunc 0xad)
[11:39:05.427] [info] kPreLoadGame
[11:39:05.427] [info] cleared 0 actor states
[11:39:05.428] [info] kPostLoadGame
[11:39:05.428] [warning] save load failed; engine effects remain paused
[11:39:15.195] [info] kNewGame
[11:39:15.195] [info] cleared 0 actor states
[11:39:15.195] [info] actor 00000014 (Prisoner): 3D not loaded, skipped
[11:39:15.364] [info] actor 00000014 (Prisoner): 3D not loaded, skipped
[11:39:15.381] [info] actor 00000014 (Prisoner): 3D not loaded, skipped
[11:40:16.178] [info] PBR material layout check passed
[11:40:16.367] [info] TextureLab: ready (runtime layer textures)
[11:40:16.370] [info] apply armor 000C5D11 actor 000DCFF3 geometry 'robes' material=private shell (PBR copy, additive, skin cloned, buffers shared, emissive storage cloned, inflation own skin data (copied))
[11:40:16.370] [info] actor 000DCFF3 (Novice Storm Mage): 1 piece(s), 1 recipe(s) applied
[11:40:16.370] [info] actor 000DCFF3: retired 1 recipe(s)
[11:40:16.370] [info] apply armor 000C5D11 actor 000DCFF3 geometry 'robes' material=private shell (PBR copy, additive, skin cloned, buffers shared, emissive storage cloned, inflation own skin data (copied))
[11:40:16.371] [info] actor 000DCFF3 (Novice Storm Mage): 1 piece(s), 1 recipe(s) applied
[11:40:16.443] [info] actor 000DCFF3: retired 1 recipe(s)
[11:40:16.451] [info] apply armor 000C5D11 actor 000DCFF3 geometry 'robes' material=private shell (PBR copy, additive, skin cloned, buffers shared, emissive storage cloned, inflation own skin data (copied))
[11:40:16.451] [info] actor 000DCFF3 (Novice Storm Mage): 1 piece(s), 1 recipe(s) applied
[11:40:16.451] [info] actor 000FD82D (Stormcloak Soldier): 3D not loaded, skipped
[11:40:16.451] [info] actor 000FD82F (Stormcloak Soldier): 3D not loaded, skipped
[11:40:16.451] [info] actor 000FD82E (Stormcloak Soldier): 3D not loaded, skipped
[11:40:16.460] [info] actor 000FD82D (Stormcloak Soldier): 3D not loaded, skipped
[11:40:16.460] [info] actor 000FD82D (Stormcloak Soldier): 3D not loaded, skipped
[11:40:16.901] [info] actor FF00095A (Farmer): 3D not loaded, skipped
[11:40:16.901] [info] actor FF00095A (Farmer): 3D not loaded, skipped
[11:41:33.017] [info] apply armor 040291BA actor 00000014 geometry ' (0403A2CC)[0]/ (040291BA) [75%]' material=private shell (PBR copy, additive, skin cloned, buffers shared, emissive storage cloned, inflation own skin data (copied))
[11:41:33.018] [info] apply armor 040291BA actor 00000014 geometry ' (0403A2CC)[0]/ (040291BA) [75%]' material=private shell (PBR copy, additive, skin cloned, buffers shared, emissive storage cloned, inflation own skin data (copied))
[11:41:33.019] [info]   recipe Skyrim-92DEC: light on NPC Spine2 [Spn2] x1.00, NPC Pelvis [Pelv] x0.94
[11:41:33.019] [info] actor 00000014 (123): 2 piece(s), 1 recipe(s) applied
[11:41:33.019] [info] actor 00000014: retired 1 recipe(s)
[11:41:33.019] [info] apply armor 040291BA actor 00000014 geometry ' (0403A2CC)[0]/ (040291BA) [75%]' material=private shell (PBR copy, additive, skin cloned, buffers shared, emissive storage cloned, inflation own skin data (copied))
[11:41:33.019] [info] apply armor 040291BA actor 00000014 geometry ' (0403A2CC)[0]/ (040291BA) [75%]' material=private shell (PBR copy, additive, skin cloned, buffers shared, emissive storage cloned, inflation own skin data (copied))
[11:41:33.019] [info]   recipe Skyrim-92DEC: light on NPC Spine2 [Spn2] x1.00, NPC Pelvis [Pelv] x0.94
[11:41:33.019] [info] actor 00000014 (123): 2 piece(s), 1 recipe(s) applied
[11:41:33.957] [info] actor 00000014: retired 1 recipe(s)
[11:41:33.971] [info] apply armor 040291BA actor 00000014 geometry ' (0403A2CC)[0]/ (040291BA) [75%]' material=private shell (PBR copy, additive, skin cloned, buffers shared, emissive storage cloned, inflation own skin data (copied))
[11:41:33.972] [info] apply armor 040291BA actor 00000014 geometry ' (0403A2CC)[0]/ (040291BA) [75%]' material=private shell (PBR copy, additive, skin cloned, buffers shared, emissive storage cloned, inflation own skin data (copied))
[11:41:33.972] [info]   recipe Skyrim-92DEC: light on NPC Spine2 [Spn2] x1.00, NPC Pelvis [Pelv] x0.94
[11:41:33.972] [info] actor 00000014 (123): 2 piece(s), 1 recipe(s) applied
[11:41:48.741] [info] actor 00000014: retired 1 recipe(s)
[11:41:48.741] [info] actor 000DCFF3: retired 1 recipe(s)
[11:41:54.829] [info] apply armor 040291BA actor 00000014 geometry ' (0403A2CC)[0]/ (040291BA) [75%]' material=private shell (PBR copy, additive, skin cloned, buffers shared, emissive storage cloned, inflation own skin data (copied))
[11:41:54.829] [info] apply armor 040291BA actor 00000014 geometry ' (0403A2CC)[0]/ (040291BA) [75%]' material=private shell (PBR copy, additive, skin cloned, buffers shared, emissive storage cloned, inflation own skin data (copied))
[11:41:54.829] [info]   recipe Skyrim-92DEC: light on NPC Spine2 [Spn2] x1.00, NPC Pelvis [Pelv] x0.94
[11:41:54.829] [info] actor 00000014 (123): 2 piece(s), 1 recipe(s) applied
[11:41:54.829] [info] actor 00019A29 (Faida): 3D not loaded, skipped
[11:41:54.829] [info] actor 00026F13 (Julienne Lylvieve): 3D not loaded, skipped
[11:41:54.829] [info] apply armor 000C5D11 actor 000DCFF3 geometry 'robes' material=private shell (PBR copy, additive, skin cloned, buffers shared, emissive storage cloned, inflation own skin data (copied))
[11:41:54.829] [info] actor 000DCFF3 (Novice Storm Mage): 1 piece(s), 1 recipe(s) applied
[11:41:54.829] [info] actor FF00095A (Farmer): 3D not loaded, skipped
[11:45:12.306] [info] actor 00000014: retired 1 recipe(s)
[11:45:12.306] [info] actor 000DCFF3: retired 1 recipe(s)
[11:45:12.307] [info] apply armor 040291BA actor 00000014 geometry ' (0403A2CC)[0]/ (040291BA) [75%]' material=private shell (PBR copy, additive, skin cloned, buffers shared, emissive storage cloned, inflation own skin data (copied))
[11:45:12.307] [info] apply armor 040291BA actor 00000014 geometry ' (0403A2CC)[0]/ (040291BA) [75%]' material=private shell (PBR copy, additive, skin cloned, buffers shared, emissive storage cloned, inflation own skin data (copied))
[11:45:12.307] [info]   recipe Skyrim-92DEC: light on NPC Spine2 [Spn2] x1.00, NPC Pelvis [Pelv] x0.94
[11:45:12.307] [info] actor 00000014 (123): 2 piece(s), 1 recipe(s) applied
[11:45:12.307] [info] actor 00019A29 (Faida): 3D not loaded, skipped
[11:45:12.308] [info] actor 00026F13 (Julienne Lylvieve): 3D not loaded, skipped
[11:45:12.308] [info] apply armor 000C5D11 actor 000DCFF3 geometry 'robes' material=private shell (PBR copy, additive, skin cloned, buffers shared, emissive storage cloned, inflation own skin data (copied))
[11:45:12.308] [info] actor 000DCFF3 (Novice Storm Mage): 1 piece(s), 1 recipe(s) applied
[11:45:12.308] [info] actor FF00095A (Farmer): 3D not loaded, skipped
[11:45:14.866] [info] actor 00000014: retired 1 recipe(s)
[11:45:14.866] [info] actor 000DCFF3: retired 1 recipe(s)
[11:45:14.866] [info] apply armor 040291BA actor 00000014 geometry ' (0403A2CC)[0]/ (040291BA) [75%]' material=private shell (PBR copy, additive, skin cloned, buffers shared, emissive storage cloned, inflation own skin data (copied))
[11:45:14.866] [info] apply armor 040291BA actor 00000014 geometry ' (0403A2CC)[0]/ (040291BA) [75%]' material=private shell (PBR copy, additive, skin cloned, buffers shared, emissive storage cloned, inflation own skin data (copied))
[11:45:14.866] [info]   recipe Skyrim-92DEC: light on NPC Spine2 [Spn2] x1.00, NPC Pelvis [Pelv] x0.94
[11:45:14.866] [info] actor 00000014 (123): 2 piece(s), 1 recipe(s) applied
[11:45:14.866] [info] actor 00019A29 (Faida): 3D not loaded, skipped
[11:45:14.866] [info] actor 00026F13 (Julienne Lylvieve): 3D not loaded, skipped
[11:45:14.867] [info] actor FF00095A (Farmer): 3D not loaded, skipped
[11:45:15.272] [info] actor 00000014: retired 1 recipe(s)
[11:45:15.272] [info] apply armor 040291BA actor 00000014 geometry ' (0403A2CC)[0]/ (040291BA) [75%]' material=private shell (PBR copy, additive, skin cloned, buffers shared, emissive storage cloned, inflation own skin data (copied))
[11:45:15.272] [info] apply armor 040291BA actor 00000014 geometry ' (0403A2CC)[0]/ (040291BA) [75%]' material=private shell (PBR copy, additive, skin cloned, buffers shared, emissive storage cloned, inflation own skin data (copied))
[11:45:15.272] [info]   recipe Skyrim-92DEC: light on NPC Spine2 [Spn2] x1.00, NPC Pelvis [Pelv] x0.94
[11:45:15.272] [info] actor 00000014 (123): 2 piece(s), 1 recipe(s) applied
[11:45:15.273] [info] actor 00019A29 (Faida): 3D not loaded, skipped
[11:45:15.273] [info] actor 00026F13 (Julienne Lylvieve): 3D not loaded, skipped
[11:45:15.273] [info] apply armor 000C5D11 actor 000DCFF3 geometry 'robes' material=private shell (PBR copy, additive, skin cloned, buffers shared, emissive storage cloned, inflation own skin data (copied))
[11:45:15.273] [info] actor 000DCFF3 (Novice Storm Mage): 1 piece(s), 1 recipe(s) applied
[11:45:15.273] [info] actor FF00095A (Farmer): 3D not loaded, skipped
[11:45:15.711] [info] actor 00000014: retired 1 recipe(s)
[11:45:15.711] [info] actor 000DCFF3: retired 1 recipe(s)
[11:45:15.712] [info] apply armor 040291BA actor 00000014 geometry ' (0403A2CC)[0]/ (040291BA) [75%]' material=private shell (PBR copy, additive, skin cloned, buffers shared, emissive storage cloned, inflation own skin data (copied))
[11:45:15.712] [info] apply armor 040291BA actor 00000014 geometry ' (0403A2CC)[0]/ (040291BA) [75%]' material=private shell (PBR copy, additive, skin cloned, buffers shared, emissive storage cloned, inflation own skin data (copied))
[11:45:15.712] [info]   recipe Skyrim-92DEC: light on NPC Spine2 [Spn2] x1.00, NPC Pelvis [Pelv] x0.94
[11:45:15.712] [info] actor 00000014 (123): 2 piece(s), 1 recipe(s) applied
[11:45:15.712] [info] actor 00019A29 (Faida): 3D not loaded, skipped
[11:45:15.712] [info] actor 00026F13 (Julienne Lylvieve): 3D not loaded, skipped
[11:45:15.713] [info] actor FF00095A (Farmer): 3D not loaded, skipped
[11:45:16.117] [info] actor 00000014: retired 1 recipe(s)
[11:45:16.118] [info] apply armor 040291BA actor 00000014 geometry ' (0403A2CC)[0]/ (040291BA) [75%]' material=private shell (PBR copy, additive, skin cloned, buffers shared, emissive storage cloned, inflation own skin data (copied))
[11:45:16.118] [info] apply armor 040291BA actor 00000014 geometry ' (0403A2CC)[0]/ (040291BA) [75%]' material=private shell (PBR copy, additive, skin cloned, buffers shared, emissive storage cloned, inflation own skin data (copied))
[11:45:16.118] [info]   recipe Skyrim-92DEC: light on NPC Spine2 [Spn2] x1.00, NPC Pelvis [Pelv] x0.94
[11:45:16.118] [info] actor 00000014 (123): 2 piece(s), 1 recipe(s) applied
[11:45:16.118] [info] actor 00019A29 (Faida): 3D not loaded, skipped
[11:45:16.118] [info] actor 00026F13 (Julienne Lylvieve): 3D not loaded, skipped
[11:45:16.119] [info] apply armor 000C5D11 actor 000DCFF3 geometry 'robes' material=private shell (PBR copy, additive, skin cloned, buffers shared, emissive storage cloned, inflation own skin data (copied))
[11:45:16.119] [info] actor 000DCFF3 (Novice Storm Mage): 1 piece(s), 1 recipe(s) applied
[11:45:16.119] [info] actor FF00095A (Farmer): 3D not loaded, skipped
[11:45:17.066] [info] actor 00000014: retired 1 recipe(s)
[11:45:17.066] [info] actor 000DCFF3: retired 1 recipe(s)
[11:45:17.067] [info] apply armor 040291BA actor 00000014 geometry ' (0403A2CC)[0]/ (040291BA) [75%]' material=untouched no shell
[11:45:17.067] [info] apply armor 040291BA actor 00000014 geometry ' (0403A2CC)[0]/ (040291BA) [75%]' material=untouched no shell
[11:45:17.067] [info] actor 00000014 (123): 2 piece(s), 1 recipe(s) applied
[11:45:17.067] [info] actor 00019A29 (Faida): 3D not loaded, skipped
[11:45:17.067] [info] actor 00026F13 (Julienne Lylvieve): 3D not loaded, skipped
[11:45:17.067] [info] apply armor 000C5D11 actor 000DCFF3 geometry 'robes' material=private shell (PBR copy, additive, skin cloned, buffers shared, emissive storage cloned, inflation own skin data (copied))
[11:45:17.067] [info] actor 000DCFF3 (Novice Storm Mage): 1 piece(s), 1 recipe(s) applied
[11:45:17.067] [info] actor FF00095A (Farmer): 3D not loaded, skipped
[11:45:27.464] [info] actor 00000014: retired 1 recipe(s)
[11:45:27.464] [info] actor 000DCFF3: retired 1 recipe(s)
[11:45:27.466] [info] recipes: 1295 editor IDs indexed (po3's Tweaks not loaded: only the engine's own)
[11:45:27.468] [info] recipe Skyrim-1F03A loaded from Data\SKSE\Plugins\BetterEnchantmentEffects\recipes\imported\Skyrim-1F03A.json (keys: effectShader:0x1F03A~Skyrim.esm; 18 signals, 4 curves, 6 sources, 1 masks, 5 outputs; imported, not yet edited)
[11:45:27.469] [info] recipe Skyrim-5D606 loaded from Data\SKSE\Plugins\BetterEnchantmentEffects\recipes\imported\Skyrim-5D606.json (keys: effectShader:0x5D606~Skyrim.esm; 18 signals, 4 curves, 6 sources, 1 masks, 5 outputs; imported, not yet edited)
[11:45:27.470] [info] recipe Skyrim-92DE7 loaded from Data\SKSE\Plugins\BetterEnchantmentEffects\recipes\imported\Skyrim-92DE7.json (keys: effectShader:0x92DE7~Skyrim.esm; 18 signals, 4 curves, 6 sources, 1 masks, 5 outputs; imported, not yet edited)
[11:45:27.470] [info] recipe Skyrim-92DE8 loaded from Data\SKSE\Plugins\BetterEnchantmentEffects\recipes\imported\Skyrim-92DE8.json (keys: effectShader:0x92DE8~Skyrim.esm; 18 signals, 4 curves, 6 sources, 1 masks, 5 outputs; imported, not yet edited)
[11:45:27.471] [info] recipe Skyrim-92DE9 loaded from Data\SKSE\Plugins\BetterEnchantmentEffects\recipes\imported\Skyrim-92DE9.json (keys: effectShader:0x92DE9~Skyrim.esm; 18 signals, 4 curves, 6 sources, 1 masks, 5 outputs; imported, not yet edited)
[11:45:27.471] [info] recipe Skyrim-92DEC loaded from Data\SKSE\Plugins\BetterEnchantmentEffects\recipes\imported\Skyrim-92DEC.json (keys: effectShader:0x92DEC~Skyrim.esm; 18 signals, 4 curves, 6 sources, 1 masks, 5 outputs; imported, not yet edited)
[11:45:27.472] [info] recipe Skyrim-92DED loaded from Data\SKSE\Plugins\BetterEnchantmentEffects\recipes\imported\Skyrim-92DED.json (keys: effectShader:0x92DED~Skyrim.esm; 18 signals, 4 curves, 6 sources, 1 masks, 5 outputs; imported, not yet edited)
[11:45:27.473] [info] recipe Skyrim-92DEE loaded from Data\SKSE\Plugins\BetterEnchantmentEffects\recipes\imported\Skyrim-92DEE.json (keys: effectShader:0x92DEE~Skyrim.esm; 18 signals, 4 curves, 6 sources, 1 masks, 5 outputs; imported, not yet edited)
[11:45:27.473] [info] recipe Skyrim-BCF27 loaded from Data\SKSE\Plugins\BetterEnchantmentEffects\recipes\imported\Skyrim-BCF27.json (keys: effectShader:0xBCF27~Skyrim.esm; 14 signals, 4 curves, 2 sources, 1 masks, 4 outputs; imported, not yet edited)
[11:45:27.474] [info] presets: 0 mask presets
[11:45:27.474] [info] recipes: 9 loaded, 0 with errors, 0 unresolved editor IDs, 0 imported this session, folder A:\SteamLibrary\steamapps\common\Skyrim Special Edition\Data\SKSE\Plugins\BetterEnchantmentEffects\recipes
[11:45:27.475] [info] apply armor 040291BA actor 00000014 geometry ' (0403A2CC)[0]/ (040291BA) [75%]' material=private shell (PBR copy, additive, skin cloned, buffers shared, emissive storage cloned, inflation own skin data (copied))
[11:45:27.475] [info] apply armor 040291BA actor 00000014 geometry ' (0403A2CC)[0]/ (040291BA) [75%]' material=private shell (PBR copy, additive, skin cloned, buffers shared, emissive storage cloned, inflation own skin data (copied))
[11:45:27.475] [info]   recipe Skyrim-92DEC: light on NPC Spine2 [Spn2] x1.00, NPC Pelvis [Pelv] x0.94
[11:45:27.475] [info] actor 00000014 (123): 2 piece(s), 1 recipe(s) applied
[11:45:27.475] [info] actor 00019A29 (Faida): 3D not loaded, skipped
[11:45:27.475] [info] actor 00026F13 (Julienne Lylvieve): 3D not loaded, skipped
[11:45:27.476] [info] apply armor 000C5D11 actor 000DCFF3 geometry 'robes' material=private shell (PBR copy, additive, skin cloned, buffers shared, emissive storage cloned, inflation own skin data (copied))
[11:45:27.476] [info] actor 000DCFF3 (Novice Storm Mage): 1 piece(s), 1 recipe(s) applied
[11:45:27.476] [info] actor FF00095A (Farmer): 3D not loaded, skipped
[11:49:11.400] [info] actor 00000014: retired 1 recipe(s)
[11:49:11.400] [info] actor 000DCFF3: retired 1 recipe(s)
[11:49:15.026] [info] apply armor 040291BA actor 00000014 geometry ' (0403A2CC)[0]/ (040291BA) [75%]' material=private shell (PBR copy, additive, skin cloned, buffers shared, emissive storage cloned, inflation own skin data (copied))
[11:49:15.026] [info] apply armor 040291BA actor 00000014 geometry ' (0403A2CC)[0]/ (040291BA) [75%]' material=private shell (PBR copy, additive, skin cloned, buffers shared, emissive storage cloned, inflation own skin data (copied))
[11:49:15.026] [info]   recipe Skyrim-92DEC: light on NPC Spine2 [Spn2] x1.00, NPC Pelvis [Pelv] x0.94
[11:49:15.026] [info] actor 00000014 (123): 2 piece(s), 1 recipe(s) applied
[11:49:15.026] [info] actor 00019A29 (Faida): 3D not loaded, skipped
[11:49:15.026] [info] actor 00026F13 (Julienne Lylvieve): 3D not loaded, skipped
[11:49:15.027] [info] apply armor 000C5D11 actor 000DCFF3 geometry 'robes' material=private shell (PBR copy, additive, skin cloned, buffers shared, emissive storage cloned, inflation own skin data (copied))
[11:49:15.027] [info] actor 000DCFF3 (Novice Storm Mage): 1 piece(s), 1 recipe(s) applied
[11:52:34.627] [info] actor 00000014: retired 1 recipe(s)
[11:52:34.632] [info] apply armor 000FE303 actor 00000014 geometry ' (00098BB2)[0]/ (000FE303) [75%]' material=private shell (PBR copy, additive, skin cloned, buffers shared, emissive storage cloned, inflation own skin data (copied))
[11:52:34.633] [info] apply armor 040291BA actor 00000014 geometry ' (0403A2CC)[0]/ (040291BA) [75%]' material=private shell (PBR copy, additive, skin cloned, buffers shared, emissive storage cloned, inflation own skin data (copied))
[11:52:34.633] [info] apply armor 040291BA actor 00000014 geometry ' (0403A2CC)[0]/ (040291BA) [75%]' material=private shell (PBR copy, additive, skin cloned, buffers shared, emissive storage cloned, inflation own skin data (copied))
[11:52:34.633] [info]   recipe Skyrim-92DED: light on NPC Head [Head] x1.00
[11:52:34.633] [info]   recipe Skyrim-92DEC: light on NPC Spine2 [Spn2] x1.00, NPC Pelvis [Pelv] x0.94
[11:52:34.633] [info] actor 00000014 (123): 3 piece(s), 2 recipe(s) applied
[11:52:34.633] [info] actor 00000014: retired 2 recipe(s)
[11:52:34.634] [info] apply armor 000FE303 actor 00000014 geometry ' (00098BB2)[0]/ (000FE303) [75%]' material=private shell (PBR copy, additive, skin cloned, buffers shared, emissive storage cloned, inflation own skin data (copied))
[11:52:34.634] [info] apply armor 040291BA actor 00000014 geometry ' (0403A2CC)[0]/ (040291BA) [75%]' material=private shell (PBR copy, additive, skin cloned, buffers shared, emissive storage cloned, inflation own skin data (copied))
[11:52:34.635] [info] apply armor 040291BA actor 00000014 geometry ' (0403A2CC)[0]/ (040291BA) [75%]' material=private shell (PBR copy, additive, skin cloned, buffers shared, emissive storage cloned, inflation own skin data (copied))
[11:52:34.635] [info]   recipe Skyrim-92DED: light on NPC Head [Head] x1.00
[11:52:34.635] [info]   recipe Skyrim-92DEC: light on NPC Spine2 [Spn2] x1.00, NPC Pelvis [Pelv] x0.94
[11:52:34.635] [info] actor 00000014 (123): 3 piece(s), 2 recipe(s) applied
[11:52:35.171] [info] actor 00000014: retired 2 recipe(s)
[11:52:35.185] [info] apply armor 000FE303 actor 00000014 geometry ' (00098BB2)[0]/ (000FE303) [75%]' material=private shell (PBR copy, additive, skin cloned, buffers shared, emissive storage cloned, inflation own skin data (copied))
[11:52:35.185] [info] apply armor 040291BA actor 00000014 geometry ' (0403A2CC)[0]/ (040291BA) [75%]' material=private shell (PBR copy, additive, skin cloned, buffers shared, emissive storage cloned, inflation own skin data (copied))
[11:52:35.186] [info] apply armor 040291BA actor 00000014 geometry ' (0403A2CC)[0]/ (040291BA) [75%]' material=private shell (PBR copy, additive, skin cloned, buffers shared, emissive storage cloned, inflation own skin data (copied))
[11:52:35.186] [info]   recipe Skyrim-92DED: light on NPC Head [Head] x1.00
[11:52:35.186] [info]   recipe Skyrim-92DEC: light on NPC Spine2 [Spn2] x1.00, NPC Pelvis [Pelv] x0.94
[11:52:35.186] [info] actor 00000014 (123): 3 piece(s), 2 recipe(s) applied
[11:52:59.549] [info] actor 00000014: retired 2 recipe(s)
[11:52:59.549] [info] apply armor 000FE303 actor 00000014 geometry ' (00098BB2)[0]/ (000FE303) [75%]' material=private shell (PBR copy, additive, skin cloned, buffers shared, emissive storage cloned, inflation own skin data (copied))
[11:52:59.549] [info]   recipe Skyrim-92DED: light on NPC Head [Head] x1.00
[11:52:59.549] [info] actor 00000014 (123): 1 piece(s), 1 recipe(s) applied
[11:53:32.377] [info] actor 000DCFF3: retired 1 recipe(s)
[11:53:32.377] [info] actor 00000014: retired 1 recipe(s)
[11:53:33.238] [info] recipes: 1295 editor IDs indexed (po3's Tweaks not loaded: only the engine's own)
[11:53:33.240] [info] recipe Skyrim-1F03A loaded from Data\SKSE\Plugins\BetterEnchantmentEffects\recipes\imported\Skyrim-1F03A.json (keys: effectShader:0x1F03A~Skyrim.esm; 18 signals, 4 curves, 6 sources, 1 masks, 5 outputs; imported, not yet edited)
[11:53:33.240] [info] recipe Skyrim-5D606 loaded from Data\SKSE\Plugins\BetterEnchantmentEffects\recipes\imported\Skyrim-5D606.json (keys: effectShader:0x5D606~Skyrim.esm; 18 signals, 4 curves, 6 sources, 1 masks, 5 outputs; imported, not yet edited)
[11:53:33.241] [info] recipe Skyrim-92DE7 loaded from Data\SKSE\Plugins\BetterEnchantmentEffects\recipes\imported\Skyrim-92DE7.json (keys: effectShader:0x92DE7~Skyrim.esm; 18 signals, 4 curves, 6 sources, 1 masks, 5 outputs; imported, not yet edited)
[11:53:33.242] [info] recipe Skyrim-92DE8 loaded from Data\SKSE\Plugins\BetterEnchantmentEffects\recipes\imported\Skyrim-92DE8.json (keys: effectShader:0x92DE8~Skyrim.esm; 18 signals, 4 curves, 6 sources, 1 masks, 5 outputs; imported, not yet edited)
[11:53:33.242] [info] recipe Skyrim-92DE9 loaded from Data\SKSE\Plugins\BetterEnchantmentEffects\recipes\imported\Skyrim-92DE9.json (keys: effectShader:0x92DE9~Skyrim.esm; 18 signals, 4 curves, 6 sources, 1 masks, 5 outputs; imported, not yet edited)
[11:53:33.243] [info] recipe Skyrim-92DEC loaded from Data\SKSE\Plugins\BetterEnchantmentEffects\recipes\imported\Skyrim-92DEC.json (keys: effectShader:0x92DEC~Skyrim.esm; 18 signals, 4 curves, 6 sources, 1 masks, 5 outputs; imported, not yet edited)
[11:53:33.243] [info] recipe Skyrim-92DED loaded from Data\SKSE\Plugins\BetterEnchantmentEffects\recipes\imported\Skyrim-92DED.json (keys: effectShader:0x92DED~Skyrim.esm; 18 signals, 4 curves, 6 sources, 1 masks, 5 outputs; imported, not yet edited)
[11:53:33.244] [info] recipe Skyrim-92DEE loaded from Data\SKSE\Plugins\BetterEnchantmentEffects\recipes\imported\Skyrim-92DEE.json (keys: effectShader:0x92DEE~Skyrim.esm; 18 signals, 4 curves, 6 sources, 1 masks, 5 outputs; imported, not yet edited)
[11:53:33.244] [info] recipe Skyrim-BCF27 loaded from Data\SKSE\Plugins\BetterEnchantmentEffects\recipes\imported\Skyrim-BCF27.json (keys: effectShader:0xBCF27~Skyrim.esm; 14 signals, 4 curves, 2 sources, 1 masks, 4 outputs; imported, not yet edited)
[11:53:33.245] [info] presets: 0 mask presets
[11:53:33.245] [info] recipes: 9 loaded, 0 with errors, 0 unresolved editor IDs, 0 imported this session, folder A:\SteamLibrary\steamapps\common\Skyrim Special Edition\Data\SKSE\Plugins\BetterEnchantmentEffects\recipes
[11:53:33.245] [info] apply armor 000FE303 actor 00000014 geometry ' (00098BB2)[0]/ (000FE303) [75%]' material=private shell (PBR copy, additive, skin cloned, buffers shared, emissive storage cloned, inflation own skin data (copied))
[11:53:33.245] [info]   recipe Skyrim-92DED: light on NPC Head [Head] x1.00
[11:53:33.245] [info] actor 00000014 (123): 1 piece(s), 1 recipe(s) applied
[11:53:33.245] [info] actor 00019A29 (Faida): 3D not loaded, skipped
[11:53:33.245] [info] actor 00026F13 (Julienne Lylvieve): 3D not loaded, skipped
[11:53:33.246] [info] apply armor 000C5D11 actor 000DCFF3 geometry 'robes' material=private shell (PBR copy, additive, skin cloned, buffers shared, emissive storage cloned, inflation own skin data (copied))
[11:53:33.246] [info] actor 000DCFF3 (Novice Storm Mage): 1 piece(s), 1 recipe(s) applied
[11:54:56.498] [info] actor 00000014: retired 1 recipe(s)
[11:54:56.498] [info] apply armor 000FE303 actor 00000014 geometry ' (00098BB2)[0]/ (000FE303) [75%]' material=private shell (PBR copy, additive, skin cloned, buffers shared, emissive storage cloned, inflation own skin data (copied))
[11:54:56.502] [info] apply armor 000FE300 actor 00000014 geometry 'TorsoLow:0' material=private shell (PBR copy, additive, skin cloned, buffers shared, emissive storage cloned, inflation own skin data (copied))
[11:54:56.503] [info] apply armor 000FE300 actor 00000014 geometry ' (00098BB3)[0]/ (000FE300) [75%]' material=private shell (PBR copy, additive, skin cloned, buffers shared, emissive storage cloned, inflation own skin data (copied))
[11:54:56.503] [info]   recipe Skyrim-92DED: light on NPC Head [Head] x1.00
[11:54:56.503] [info]   recipe Skyrim-92DEC: light on NPC Spine2 [Spn2] x1.00, NPC Pelvis [Pelv] x0.56
[11:54:56.503] [info] actor 00000014 (123): 3 piece(s), 2 recipe(s) applied
[11:54:57.108] [info] actor 00000014: retired 2 recipe(s)
[11:54:57.123] [info] apply armor 000FE303 actor 00000014 geometry ' (00098BB2)[0]/ (000FE303) [75%]' material=private shell (PBR copy, additive, skin cloned, buffers shared, emissive storage cloned, inflation own skin data (copied))
[11:54:57.123] [info] apply armor 000FE300 actor 00000014 geometry 'TorsoLow:0' material=private shell (PBR copy, additive, skin cloned, buffers shared, emissive storage cloned, inflation own skin data (copied))
[11:54:57.124] [info] apply armor 000FE300 actor 00000014 geometry ' (00098BB3)[0]/ (000FE300) [75%]' material=private shell (PBR copy, additive, skin cloned, buffers shared, emissive storage cloned, inflation own skin data (copied))
[11:54:57.124] [info]   recipe Skyrim-92DED: light on NPC Head [Head] x1.00
[11:54:57.124] [info]   recipe Skyrim-92DEC: light on NPC Spine2 [Spn2] x1.00, NPC Pelvis [Pelv] x0.56
[11:54:57.124] [info] actor 00000014 (123): 3 piece(s), 2 recipe(s) applied
[11:55:36.653] [info] actor 00000014: retired 2 recipe(s)
[11:55:36.653] [info] apply armor 000FE303 actor 00000014 geometry ' (00098BB2)[0]/ (000FE303) [75%]' material=private shell (PBR copy, additive, skin cloned, buffers shared, emissive storage cloned, inflation own skin data (copied))
[11:55:36.653] [info]   recipe Skyrim-92DED: light on NPC Head [Head] x1.00
[11:55:36.653] [info] actor 00000014 (123): 1 piece(s), 1 recipe(s) applied
[11:55:38.492] [info] actor 00000014: retired 1 recipe(s)
[11:55:39.252] [info] apply armor 000FE300 actor 00000014 geometry 'TorsoLow:0' material=private shell (PBR copy, additive, skin cloned, buffers shared, emissive storage cloned, inflation own skin data (copied))
[11:55:39.252] [info] apply armor 000FE300 actor 00000014 geometry ' (00098BB3)[0]/ (000FE300) [75%]' material=private shell (PBR copy, additive, skin cloned, buffers shared, emissive storage cloned, inflation own skin data (copied))
[11:55:39.252] [info]   recipe Skyrim-92DEC: light on NPC Spine2 [Spn2] x1.00, NPC Pelvis [Pelv] x0.56
[11:55:39.252] [info] actor 00000014 (123): 2 piece(s), 1 recipe(s) applied
[11:55:39.861] [info] actor 00000014: retired 1 recipe(s)
[11:55:39.875] [info] apply armor 000FE300 actor 00000014 geometry 'TorsoLow:0' material=private shell (PBR copy, additive, skin cloned, buffers shared, emissive storage cloned, inflation own skin data (copied))
[11:55:39.876] [info] apply armor 000FE300 actor 00000014 geometry ' (00098BB3)[0]/ (000FE300) [75%]' material=private shell (PBR copy, additive, skin cloned, buffers shared, emissive storage cloned, inflation own skin data (copied))
[11:55:39.876] [info]   recipe Skyrim-92DEC: light on NPC Spine2 [Spn2] x1.00, NPC Pelvis [Pelv] x0.56
[11:55:39.876] [info] actor 00000014 (123): 2 piece(s), 1 recipe(s) applied
[11:55:47.557] [info] actor 000DCFF3: retired 1 recipe(s)
[11:55:47.557] [info] actor 00000014: retired 1 recipe(s)
[11:55:48.435] [info] apply armor 000FE300 actor 00000014 geometry 'TorsoLow:0' material=private shell (PBR copy, additive, skin cloned, buffers shared, emissive storage cloned, inflation own skin data (copied))
[11:55:48.435] [info] apply armor 000FE300 actor 00000014 geometry ' (00098BB3)[0]/ (000FE300) [75%]' material=private shell (PBR copy, additive, skin cloned, buffers shared, emissive storage cloned, inflation own skin data (copied))
[11:55:48.435] [info]   recipe Skyrim-92DEC: light on NPC Spine2 [Spn2] x1.00, NPC Pelvis [Pelv] x0.56
[11:55:48.435] [info] actor 00000014 (123): 2 piece(s), 1 recipe(s) applied
[11:55:48.435] [info] actor 00019A29 (Faida): 3D not loaded, skipped
[11:55:48.435] [info] actor 00026F13 (Julienne Lylvieve): 3D not loaded, skipped
[11:55:48.435] [info] apply armor 000C5D11 actor 000DCFF3 geometry 'robes' material=private shell (PBR copy, additive, skin cloned, buffers shared, emissive storage cloned, inflation own skin data (copied))
[11:55:48.435] [info] actor 000DCFF3 (Novice Storm Mage): 1 piece(s), 1 recipe(s) applied
[11:56:40.746] [info] actor 00000014: retired 1 recipe(s)
[11:56:40.747] [info] actor 000DCFF3: retired 1 recipe(s)
[11:56:40.749] [info] recipes: 1295 editor IDs indexed (po3's Tweaks not loaded: only the engine's own)
[11:56:40.751] [info] recipe Skyrim-1F03A loaded from Data\SKSE\Plugins\BetterEnchantmentEffects\recipes\imported\Skyrim-1F03A.json (keys: effectShader:0x1F03A~Skyrim.esm; 18 signals, 4 curves, 6 sources, 1 masks, 5 outputs; imported, not yet edited)
[11:56:40.752] [info] recipe Skyrim-5D606 loaded from Data\SKSE\Plugins\BetterEnchantmentEffects\recipes\imported\Skyrim-5D606.json (keys: effectShader:0x5D606~Skyrim.esm; 18 signals, 4 curves, 6 sources, 1 masks, 5 outputs; imported, not yet edited)
[11:56:40.752] [info] recipe Skyrim-92DE7 loaded from Data\SKSE\Plugins\BetterEnchantmentEffects\recipes\imported\Skyrim-92DE7.json (keys: effectShader:0x92DE7~Skyrim.esm; 18 signals, 4 curves, 6 sources, 1 masks, 5 outputs; imported, not yet edited)
[11:56:40.753] [info] recipe Skyrim-92DE8 loaded from Data\SKSE\Plugins\BetterEnchantmentEffects\recipes\imported\Skyrim-92DE8.json (keys: effectShader:0x92DE8~Skyrim.esm; 18 signals, 4 curves, 6 sources, 1 masks, 5 outputs; imported, not yet edited)
[11:56:40.753] [info] recipe Skyrim-92DE9 loaded from Data\SKSE\Plugins\BetterEnchantmentEffects\recipes\imported\Skyrim-92DE9.json (keys: effectShader:0x92DE9~Skyrim.esm; 18 signals, 4 curves, 6 sources, 1 masks, 5 outputs; imported, not yet edited)
[11:56:40.754] [info] recipe Skyrim-92DEC loaded from Data\SKSE\Plugins\BetterEnchantmentEffects\recipes\imported\Skyrim-92DEC.json (keys: effectShader:0x92DEC~Skyrim.esm; 18 signals, 4 curves, 6 sources, 1 masks, 5 outputs; imported, not yet edited)
[11:56:40.754] [info] recipe Skyrim-92DED loaded from Data\SKSE\Plugins\BetterEnchantmentEffects\recipes\imported\Skyrim-92DED.json (keys: effectShader:0x92DED~Skyrim.esm; 18 signals, 4 curves, 6 sources, 1 masks, 5 outputs; imported, not yet edited)
[11:56:40.755] [info] recipe Skyrim-92DEE loaded from Data\SKSE\Plugins\BetterEnchantmentEffects\recipes\imported\Skyrim-92DEE.json (keys: effectShader:0x92DEE~Skyrim.esm; 18 signals, 4 curves, 6 sources, 1 masks, 5 outputs; imported, not yet edited)
[11:56:40.755] [info] recipe Skyrim-BCF27 loaded from Data\SKSE\Plugins\BetterEnchantmentEffects\recipes\imported\Skyrim-BCF27.json (keys: effectShader:0xBCF27~Skyrim.esm; 14 signals, 4 curves, 2 sources, 1 masks, 4 outputs; imported, not yet edited)
[11:56:40.755] [info] presets: 0 mask presets
[11:56:40.756] [info] recipes: 9 loaded, 0 with errors, 0 unresolved editor IDs, 0 imported this session, folder A:\SteamLibrary\steamapps\common\Skyrim Special Edition\Data\SKSE\Plugins\BetterEnchantmentEffects\recipes
[11:56:40.756] [info] apply armor 000FE300 actor 00000014 geometry 'TorsoLow:0' material=private shell (PBR copy, additive, skin cloned, buffers shared, emissive storage cloned, inflation own skin data (copied))
[11:56:40.756] [info] apply armor 000FE300 actor 00000014 geometry ' (00098BB3)[0]/ (000FE300) [75%]' material=private shell (PBR copy, additive, skin cloned, buffers shared, emissive storage cloned, inflation own skin data (copied))
[11:56:40.756] [info]   recipe Skyrim-92DEC: light on NPC Spine2 [Spn2] x1.00, NPC Pelvis [Pelv] x0.56
[11:56:40.756] [info] actor 00000014 (123): 2 piece(s), 1 recipe(s) applied
[11:56:40.756] [info] actor 00019A29 (Faida): 3D not loaded, skipped
[11:56:40.756] [info] actor 00026F13 (Julienne Lylvieve): 3D not loaded, skipped
[11:56:40.757] [info] apply armor 000C5D11 actor 000DCFF3 geometry 'robes' material=private shell (PBR copy, additive, skin cloned, buffers shared, emissive storage cloned, inflation own skin data (copied))
[11:56:40.757] [info] actor 000DCFF3 (Novice Storm Mage): 1 piece(s), 1 recipe(s) applied
[11:56:41.354] [info] actor 00000014: retired 1 recipe(s)
[11:56:41.354] [info] actor 000DCFF3: retired 1 recipe(s)
[11:56:41.979] [info] recipes: 1295 editor IDs indexed (po3's Tweaks not loaded: only the engine's own)
[11:56:41.980] [info] recipe Skyrim-1F03A loaded from Data\SKSE\Plugins\BetterEnchantmentEffects\recipes\imported\Skyrim-1F03A.json (keys: effectShader:0x1F03A~Skyrim.esm; 18 signals, 4 curves, 6 sources, 1 masks, 5 outputs; imported, not yet edited)
[11:56:41.981] [info] recipe Skyrim-5D606 loaded from Data\SKSE\Plugins\BetterEnchantmentEffects\recipes\imported\Skyrim-5D606.json (keys: effectShader:0x5D606~Skyrim.esm; 18 signals, 4 curves, 6 sources, 1 masks, 5 outputs; imported, not yet edited)
[11:56:41.982] [info] recipe Skyrim-92DE7 loaded from Data\SKSE\Plugins\BetterEnchantmentEffects\recipes\imported\Skyrim-92DE7.json (keys: effectShader:0x92DE7~Skyrim.esm; 18 signals, 4 curves, 6 sources, 1 masks, 5 outputs; imported, not yet edited)
[11:56:41.982] [info] recipe Skyrim-92DE8 loaded from Data\SKSE\Plugins\BetterEnchantmentEffects\recipes\imported\Skyrim-92DE8.json (keys: effectShader:0x92DE8~Skyrim.esm; 18 signals, 4 curves, 6 sources, 1 masks, 5 outputs; imported, not yet edited)
[11:56:41.983] [info] recipe Skyrim-92DE9 loaded from Data\SKSE\Plugins\BetterEnchantmentEffects\recipes\imported\Skyrim-92DE9.json (keys: effectShader:0x92DE9~Skyrim.esm; 18 signals, 4 curves, 6 sources, 1 masks, 5 outputs; imported, not yet edited)
[11:56:41.983] [info] recipe Skyrim-92DEC loaded from Data\SKSE\Plugins\BetterEnchantmentEffects\recipes\imported\Skyrim-92DEC.json (keys: effectShader:0x92DEC~Skyrim.esm; 18 signals, 4 curves, 6 sources, 1 masks, 5 outputs; imported, not yet edited)
[11:56:41.983] [info] recipe Skyrim-92DED loaded from Data\SKSE\Plugins\BetterEnchantmentEffects\recipes\imported\Skyrim-92DED.json (keys: effectShader:0x92DED~Skyrim.esm; 18 signals, 4 curves, 6 sources, 1 masks, 5 outputs; imported, not yet edited)
[11:56:41.984] [info] recipe Skyrim-92DEE loaded from Data\SKSE\Plugins\BetterEnchantmentEffects\recipes\imported\Skyrim-92DEE.json (keys: effectShader:0x92DEE~Skyrim.esm; 18 signals, 4 curves, 6 sources, 1 masks, 5 outputs; imported, not yet edited)
[11:56:41.985] [info] recipe Skyrim-BCF27 loaded from Data\SKSE\Plugins\BetterEnchantmentEffects\recipes\imported\Skyrim-BCF27.json (keys: effectShader:0xBCF27~Skyrim.esm; 14 signals, 4 curves, 2 sources, 1 masks, 4 outputs; imported, not yet edited)
[11:56:41.985] [info] presets: 0 mask presets
[11:56:41.985] [info] recipes: 9 loaded, 0 with errors, 0 unresolved editor IDs, 0 imported this session, folder A:\SteamLibrary\steamapps\common\Skyrim Special Edition\Data\SKSE\Plugins\BetterEnchantmentEffects\recipes
[11:56:41.986] [info] apply armor 000FE300 actor 00000014 geometry 'TorsoLow:0' material=private shell (PBR copy, additive, skin cloned, buffers shared, emissive storage cloned, inflation own skin data (copied))
[11:56:41.986] [info] apply armor 000FE300 actor 00000014 geometry ' (00098BB3)[0]/ (000FE300) [75%]' material=private shell (PBR copy, additive, skin cloned, buffers shared, emissive storage cloned, inflation own skin data (copied))
[11:56:41.986] [info]   recipe Skyrim-92DEC: light on NPC Spine2 [Spn2] x1.00, NPC Pelvis [Pelv] x0.56
[11:56:41.986] [info] actor 00000014 (123): 2 piece(s), 1 recipe(s) applied
[11:56:41.986] [info] actor 00019A29 (Faida): 3D not loaded, skipped
[11:56:41.986] [info] actor 00026F13 (Julienne Lylvieve): 3D not loaded, skipped
[11:56:41.987] [info] apply armor 000C5D11 actor 000DCFF3 geometry 'robes' material=private shell (PBR copy, additive, skin cloned, buffers shared, emissive storage cloned, inflation own skin data (copied))
[11:56:41.987] [info] actor 000DCFF3 (Novice Storm Mage): 1 piece(s), 1 recipe(s) applied
[11:57:07.895] [info] actor 00000014: retired 1 recipe(s)
[11:57:07.898] [info] apply armor 040291BA actor 00000014 geometry ' (0403A2CC)[0]/ (040291BA) [75%]' material=private shell (PBR copy, additive, skin cloned, buffers shared, emissive storage cloned, inflation own skin data (copied))
[11:57:07.898] [info] apply armor 040291BA actor 00000014 geometry ' (0403A2CC)[0]/ (040291BA) [75%]' material=private shell (PBR copy, additive, skin cloned, buffers shared, emissive storage cloned, inflation own skin data (copied))
[11:57:07.898] [info]   recipe Skyrim-92DEC: light on NPC Spine2 [Spn2] x1.00, NPC Pelvis [Pelv] x0.94
[11:57:07.898] [info] actor 00000014 (123): 2 piece(s), 1 recipe(s) applied
[11:57:07.898] [info] actor 00000014: retired 1 recipe(s)
[11:57:07.899] [info] apply armor 040291BA actor 00000014 geometry ' (0403A2CC)[0]/ (040291BA) [75%]' material=private shell (PBR copy, additive, skin cloned, buffers shared, emissive storage cloned, inflation own skin data (copied))
[11:57:07.899] [info] apply armor 040291BA actor 00000014 geometry ' (0403A2CC)[0]/ (040291BA) [75%]' material=private shell (PBR copy, additive, skin cloned, buffers shared, emissive storage cloned, inflation own skin data (copied))
[11:57:07.899] [info]   recipe Skyrim-92DEC: light on NPC Spine2 [Spn2] x1.00, NPC Pelvis [Pelv] x0.94
[11:57:07.899] [info] actor 00000014 (123): 2 piece(s), 1 recipe(s) applied
[11:57:08.355] [info] actor 00000014: retired 1 recipe(s)
[11:57:08.369] [info] apply armor 040291BA actor 00000014 geometry ' (0403A2CC)[0]/ (040291BA) [75%]' material=private shell (PBR copy, additive, skin cloned, buffers shared, emissive storage cloned, inflation own skin data (copied))
[11:57:08.370] [info] apply armor 040291BA actor 00000014 geometry ' (0403A2CC)[0]/ (040291BA) [75%]' material=private shell (PBR copy, additive, skin cloned, buffers shared, emissive storage cloned, inflation own skin data (copied))
[11:57:08.370] [info]   recipe Skyrim-92DEC: light on NPC Spine2 [Spn2] x1.00, NPC Pelvis [Pelv] x0.94
[11:57:08.370] [info] actor 00000014 (123): 2 piece(s), 1 recipe(s) applied
[11:58:50.829] [info] actor 00000014: retired 1 recipe(s)
[11:58:50.829] [info] actor 000DCFF3: retired 1 recipe(s)
[11:58:50.829] [info] apply armor 040291BA actor 00000014 geometry ' (0403A2CC)[0]/ (040291BA) [75%]' material=private shell (PBR copy, additive, skin cloned, buffers shared, emissive storage cloned, inflation own skin data (copied))
[11:58:50.830] [info] apply armor 040291BA actor 00000014 geometry ' (0403A2CC)[0]/ (040291BA) [75%]' material=private shell (PBR copy, additive, skin cloned, buffers shared, emissive storage cloned, inflation own skin data (copied))
[11:58:50.830] [info]   recipe Skyrim-92DEC: light on NPC Spine2 [Spn2] x1.00, NPC Pelvis [Pelv] x0.94
[11:58:50.830] [info] actor 00000014 (123): 2 piece(s), 1 recipe(s) applied
[11:58:50.830] [info] actor 00019A29 (Faida): 3D not loaded, skipped
[11:58:50.830] [info] actor 00026F13 (Julienne Lylvieve): 3D not loaded, skipped
[11:58:51.250] [info] actor 00000014: retired 1 recipe(s)
[11:58:51.251] [info] apply armor 040291BA actor 00000014 geometry ' (0403A2CC)[0]/ (040291BA) [75%]' material=private shell (PBR copy, additive, skin cloned, buffers shared, emissive storage cloned, inflation own skin data (copied))
[11:58:51.251] [info] apply armor 040291BA actor 00000014 geometry ' (0403A2CC)[0]/ (040291BA) [75%]' material=private shell (PBR copy, additive, skin cloned, buffers shared, emissive storage cloned, inflation own skin data (copied))
[11:58:51.251] [info]   recipe Skyrim-92DEC: light on NPC Spine2 [Spn2] x1.00, NPC Pelvis [Pelv] x0.94
[11:58:51.251] [info] actor 00000014 (123): 2 piece(s), 1 recipe(s) applied
[11:58:51.251] [info] actor 00019A29 (Faida): 3D not loaded, skipped
[11:58:51.251] [info] actor 00026F13 (Julienne Lylvieve): 3D not loaded, skipped
[11:58:51.251] [info] apply armor 000C5D11 actor 000DCFF3 geometry 'robes' material=private shell (PBR copy, additive, skin cloned, buffers shared, emissive storage cloned, inflation own skin data (copied))
[11:58:51.251] [info] actor 000DCFF3 (Novice Storm Mage): 1 piece(s), 1 recipe(s) applied
[11:58:51.638] [info] actor 00000014: retired 1 recipe(s)
[11:58:51.638] [info] actor 000DCFF3: retired 1 recipe(s)
[11:58:51.638] [info] apply armor 040291BA actor 00000014 geometry ' (0403A2CC)[0]/ (040291BA) [75%]' material=private shell (PBR copy, additive, skin cloned, buffers shared, emissive storage cloned, inflation own skin data (copied))
[11:58:51.638] [info] apply armor 040291BA actor 00000014 geometry ' (0403A2CC)[0]/ (040291BA) [75%]' material=private shell (PBR copy, additive, skin cloned, buffers shared, emissive storage cloned, inflation own skin data (copied))
[11:58:51.638] [info]   recipe Skyrim-92DEC: light on NPC Spine2 [Spn2] x1.00, NPC Pelvis [Pelv] x0.94
[11:58:51.638] [info] actor 00000014 (123): 2 piece(s), 1 recipe(s) applied
[11:58:51.638] [info] actor 00019A29 (Faida): 3D not loaded, skipped
[11:58:51.638] [info] actor 00026F13 (Julienne Lylvieve): 3D not loaded, skipped
[11:58:51.958] [info] actor 00000014: retired 1 recipe(s)
[11:58:51.959] [info] apply armor 040291BA actor 00000014 geometry ' (0403A2CC)[0]/ (040291BA) [75%]' material=private shell (PBR copy, additive, skin cloned, buffers shared, emissive storage cloned, inflation own skin data (copied))
[11:58:51.959] [info] apply armor 040291BA actor 00000014 geometry ' (0403A2CC)[0]/ (040291BA) [75%]' material=private shell (PBR copy, additive, skin cloned, buffers shared, emissive storage cloned, inflation own skin data (copied))
[11:58:51.959] [info]   recipe Skyrim-92DEC: light on NPC Spine2 [Spn2] x1.00, NPC Pelvis [Pelv] x0.94
[11:58:51.959] [info] actor 00000014 (123): 2 piece(s), 1 recipe(s) applied
[11:58:51.959] [info] actor 00019A29 (Faida): 3D not loaded, skipped
[11:58:51.959] [info] actor 00026F13 (Julienne Lylvieve): 3D not loaded, skipped
[11:58:51.960] [info] apply armor 000C5D11 actor 000DCFF3 geometry 'robes' material=private shell (PBR copy, additive, skin cloned, buffers shared, emissive storage cloned, inflation own skin data (copied))
[11:58:51.960] [info] actor 000DCFF3 (Novice Storm Mage): 1 piece(s), 1 recipe(s) applied
[11:58:52.635] [info] actor 00000014: retired 1 recipe(s)
[11:58:52.635] [info] actor 000DCFF3: retired 1 recipe(s)
[11:58:52.635] [info] apply armor 040291BA actor 00000014 geometry ' (0403A2CC)[0]/ (040291BA) [75%]' material=untouched no shell
[11:58:52.635] [info] apply armor 040291BA actor 00000014 geometry ' (0403A2CC)[0]/ (040291BA) [75%]' material=untouched no shell
[11:58:52.635] [info] actor 00000014 (123): 2 piece(s), 1 recipe(s) applied
[11:58:52.635] [info] actor 00019A29 (Faida): 3D not loaded, skipped
[11:58:52.635] [info] actor 00026F13 (Julienne Lylvieve): 3D not loaded, skipped
[11:58:52.636] [info] apply armor 000C5D11 actor 000DCFF3 geometry 'robes' material=private shell (PBR copy, additive, skin cloned, buffers shared, emissive storage cloned, inflation own skin data (copied))
[11:58:52.636] [info] actor 000DCFF3 (Novice Storm Mage): 1 piece(s), 1 recipe(s) applied
[11:58:55.976] [info] actor 00000014: retired 1 recipe(s)
[11:58:55.976] [info] actor 000DCFF3: retired 1 recipe(s)
[11:58:55.977] [info] recipes: 1295 editor IDs indexed (po3's Tweaks not loaded: only the engine's own)
[11:58:55.979] [info] recipe Skyrim-1F03A loaded from Data\SKSE\Plugins\BetterEnchantmentEffects\recipes\imported\Skyrim-1F03A.json (keys: effectShader:0x1F03A~Skyrim.esm; 18 signals, 4 curves, 6 sources, 1 masks, 5 outputs; imported, not yet edited)
[11:58:55.980] [info] recipe Skyrim-5D606 loaded from Data\SKSE\Plugins\BetterEnchantmentEffects\recipes\imported\Skyrim-5D606.json (keys: effectShader:0x5D606~Skyrim.esm; 18 signals, 4 curves, 6 sources, 1 masks, 5 outputs; imported, not yet edited)
[11:58:55.981] [info] recipe Skyrim-92DE7 loaded from Data\SKSE\Plugins\BetterEnchantmentEffects\recipes\imported\Skyrim-92DE7.json (keys: effectShader:0x92DE7~Skyrim.esm; 18 signals, 4 curves, 6 sources, 1 masks, 5 outputs; imported, not yet edited)
[11:58:55.981] [info] recipe Skyrim-92DE8 loaded from Data\SKSE\Plugins\BetterEnchantmentEffects\recipes\imported\Skyrim-92DE8.json (keys: effectShader:0x92DE8~Skyrim.esm; 18 signals, 4 curves, 6 sources, 1 masks, 5 outputs; imported, not yet edited)
[11:58:55.982] [info] recipe Skyrim-92DE9 loaded from Data\SKSE\Plugins\BetterEnchantmentEffects\recipes\imported\Skyrim-92DE9.json (keys: effectShader:0x92DE9~Skyrim.esm; 18 signals, 4 curves, 6 sources, 1 masks, 5 outputs; imported, not yet edited)
[11:58:55.982] [info] recipe Skyrim-92DEC loaded from Data\SKSE\Plugins\BetterEnchantmentEffects\recipes\imported\Skyrim-92DEC.json (keys: effectShader:0x92DEC~Skyrim.esm; 18 signals, 4 curves, 6 sources, 1 masks, 5 outputs; imported, not yet edited)
[11:58:55.983] [info] recipe Skyrim-92DED loaded from Data\SKSE\Plugins\BetterEnchantmentEffects\recipes\imported\Skyrim-92DED.json (keys: effectShader:0x92DED~Skyrim.esm; 18 signals, 4 curves, 6 sources, 1 masks, 5 outputs; imported, not yet edited)
[11:58:55.983] [info] recipe Skyrim-92DEE loaded from Data\SKSE\Plugins\BetterEnchantmentEffects\recipes\imported\Skyrim-92DEE.json (keys: effectShader:0x92DEE~Skyrim.esm; 18 signals, 4 curves, 6 sources, 1 masks, 5 outputs; imported, not yet edited)
[11:58:55.984] [info] recipe Skyrim-BCF27 loaded from Data\SKSE\Plugins\BetterEnchantmentEffects\recipes\imported\Skyrim-BCF27.json (keys: effectShader:0xBCF27~Skyrim.esm; 14 signals, 4 curves, 2 sources, 1 masks, 4 outputs; imported, not yet edited)
[11:58:55.984] [info] presets: 0 mask presets
[11:58:55.985] [info] recipes: 9 loaded, 0 with errors, 0 unresolved editor IDs, 0 imported this session, folder A:\SteamLibrary\steamapps\common\Skyrim Special Edition\Data\SKSE\Plugins\BetterEnchantmentEffects\recipes
[11:58:55.985] [info] apply armor 040291BA actor 00000014 geometry ' (0403A2CC)[0]/ (040291BA) [75%]' material=private shell (PBR copy, additive, skin cloned, buffers shared, emissive storage cloned, inflation own skin data (copied))
[11:58:55.985] [info] apply armor 040291BA actor 00000014 geometry ' (0403A2CC)[0]/ (040291BA) [75%]' material=private shell (PBR copy, additive, skin cloned, buffers shared, emissive storage cloned, inflation own skin data (copied))
[11:58:55.985] [info]   recipe Skyrim-92DEC: light on NPC Spine2 [Spn2] x1.00, NPC Pelvis [Pelv] x0.94
[11:58:55.985] [info] actor 00000014 (123): 2 piece(s), 1 recipe(s) applied
[11:58:55.985] [info] actor 00019A29 (Faida): 3D not loaded, skipped
[11:58:55.985] [info] actor 00026F13 (Julienne Lylvieve): 3D not loaded, skipped
[11:58:55.986] [info] apply armor 000C5D11 actor 000DCFF3 geometry 'robes' material=private shell (PBR copy, additive, skin cloned, buffers shared, emissive storage cloned, inflation own skin data (copied))
[11:58:55.986] [info] actor 000DCFF3 (Novice Storm Mage): 1 piece(s), 1 recipe(s) applied
[11:58:57.576] [info] actor 00000014: retired 1 recipe(s)
[11:58:57.576] [info] actor 000DCFF3: retired 1 recipe(s)
[11:58:58.386] [info] apply armor 040291BA actor 00000014 geometry ' (0403A2CC)[0]/ (040291BA) [75%]' material=private shell (PBR copy, additive, skin cloned, buffers shared, emissive storage cloned, inflation own skin data (copied))
[11:58:58.386] [info] apply armor 040291BA actor 00000014 geometry ' (0403A2CC)[0]/ (040291BA) [75%]' material=private shell (PBR copy, additive, skin cloned, buffers shared, emissive storage cloned, inflation own skin data (copied))
[11:58:58.386] [info]   recipe Skyrim-92DEC: light on NPC Spine2 [Spn2] x1.00, NPC Pelvis [Pelv] x0.94
[11:58:58.386] [info] actor 00000014 (123): 2 piece(s), 1 recipe(s) applied
[11:58:58.387] [info] actor 00019A29 (Faida): 3D not loaded, skipped
[11:58:58.387] [info] actor 00026F13 (Julienne Lylvieve): 3D not loaded, skipped
[11:58:58.387] [info] apply armor 000C5D11 actor 000DCFF3 geometry 'robes' material=private shell (PBR copy, additive, skin cloned, buffers shared, emissive storage cloned, inflation own skin data (copied))
[11:58:58.387] [info] actor 000DCFF3 (Novice Storm Mage): 1 piece(s), 1 recipe(s) applied
[11:58:59.246] [info] actor 00000014: retired 1 recipe(s)
[11:58:59.246] [info] actor 000DCFF3: retired 1 recipe(s)
[11:58:59.973] [info] recipes: 1295 editor IDs indexed (po3's Tweaks not loaded: only the engine's own)
[11:58:59.976] [info] recipe Skyrim-1F03A loaded from Data\SKSE\Plugins\BetterEnchantmentEffects\recipes\imported\Skyrim-1F03A.json (keys: effectShader:0x1F03A~Skyrim.esm; 18 signals, 4 curves, 6 sources, 1 masks, 5 outputs; imported, not yet edited)
[11:58:59.977] [info] recipe Skyrim-5D606 loaded from Data\SKSE\Plugins\BetterEnchantmentEffects\recipes\imported\Skyrim-5D606.json (keys: effectShader:0x5D606~Skyrim.esm; 18 signals, 4 curves, 6 sources, 1 masks, 5 outputs; imported, not yet edited)
[11:58:59.978] [info] recipe Skyrim-92DE7 loaded from Data\SKSE\Plugins\BetterEnchantmentEffects\recipes\imported\Skyrim-92DE7.json (keys: effectShader:0x92DE7~Skyrim.esm; 18 signals, 4 curves, 6 sources, 1 masks, 5 outputs; imported, not yet edited)
[11:58:59.978] [info] recipe Skyrim-92DE8 loaded from Data\SKSE\Plugins\BetterEnchantmentEffects\recipes\imported\Skyrim-92DE8.json (keys: effectShader:0x92DE8~Skyrim.esm; 18 signals, 4 curves, 6 sources, 1 masks, 5 outputs; imported, not yet edited)
[11:58:59.979] [info] recipe Skyrim-92DE9 loaded from Data\SKSE\Plugins\BetterEnchantmentEffects\recipes\imported\Skyrim-92DE9.json (keys: effectShader:0x92DE9~Skyrim.esm; 18 signals, 4 curves, 6 sources, 1 masks, 5 outputs; imported, not yet edited)
[11:58:59.980] [info] recipe Skyrim-92DEC loaded from Data\SKSE\Plugins\BetterEnchantmentEffects\recipes\imported\Skyrim-92DEC.json (keys: effectShader:0x92DEC~Skyrim.esm; 18 signals, 4 curves, 6 sources, 1 masks, 5 outputs; imported, not yet edited)
[11:58:59.980] [info] recipe Skyrim-92DED loaded from Data\SKSE\Plugins\BetterEnchantmentEffects\recipes\imported\Skyrim-92DED.json (keys: effectShader:0x92DED~Skyrim.esm; 18 signals, 4 curves, 6 sources, 1 masks, 5 outputs; imported, not yet edited)
[11:58:59.981] [info] recipe Skyrim-92DEE loaded from Data\SKSE\Plugins\BetterEnchantmentEffects\recipes\imported\Skyrim-92DEE.json (keys: effectShader:0x92DEE~Skyrim.esm; 18 signals, 4 curves, 6 sources, 1 masks, 5 outputs; imported, not yet edited)
[11:58:59.982] [info] recipe Skyrim-BCF27 loaded from Data\SKSE\Plugins\BetterEnchantmentEffects\recipes\imported\Skyrim-BCF27.json (keys: effectShader:0xBCF27~Skyrim.esm; 14 signals, 4 curves, 2 sources, 1 masks, 4 outputs; imported, not yet edited)
[11:58:59.982] [info] presets: 0 mask presets
[11:58:59.982] [info] recipes: 9 loaded, 0 with errors, 0 unresolved editor IDs, 0 imported this session, folder A:\SteamLibrary\steamapps\common\Skyrim Special Edition\Data\SKSE\Plugins\BetterEnchantmentEffects\recipes
[11:58:59.983] [info] apply armor 040291BA actor 00000014 geometry ' (0403A2CC)[0]/ (040291BA) [75%]' material=private shell (PBR copy, additive, skin cloned, buffers shared, emissive storage cloned, inflation own skin data (copied))
[11:58:59.983] [info] apply armor 040291BA actor 00000014 geometry ' (0403A2CC)[0]/ (040291BA) [75%]' material=private shell (PBR copy, additive, skin cloned, buffers shared, emissive storage cloned, inflation own skin data (copied))
[11:58:59.983] [info]   recipe Skyrim-92DEC: light on NPC Spine2 [Spn2] x1.00, NPC Pelvis [Pelv] x0.94
[11:58:59.983] [info] actor 00000014 (123): 2 piece(s), 1 recipe(s) applied
[11:58:59.983] [info] actor 00019A29 (Faida): 3D not loaded, skipped
[11:58:59.983] [info] actor 00026F13 (Julienne Lylvieve): 3D not loaded, skipped
[11:58:59.984] [info] apply armor 000C5D11 actor 000DCFF3 geometry 'robes' material=private shell (PBR copy, additive, skin cloned, buffers shared, emissive storage cloned, inflation own skin data (copied))
[11:58:59.984] [info] actor 000DCFF3 (Novice Storm Mage): 1 piece(s), 1 recipe(s) applied
[11:59:19.093] [info] actor 00000014: retired 1 recipe(s)
[11:59:19.094] [info] actor 000DCFF3: retired 1 recipe(s)
[11:59:19.094] [info] apply armor 040291BA actor 00000014 geometry ' (0403A2CC)[0]/ (040291BA) [75%]' material=private shell (PBR copy, additive, skin cloned, buffers shared, emissive storage cloned, inflation own skin data (copied))
[11:59:19.095] [info] apply armor 040291BA actor 00000014 geometry ' (0403A2CC)[0]/ (040291BA) [75%]' material=private shell (PBR copy, additive, skin cloned, buffers shared, emissive storage cloned, inflation own skin data (copied))
[11:59:19.095] [info]   recipe Skyrim-92DEC: light on NPC Spine2 [Spn2] x1.00, NPC Pelvis [Pelv] x0.94
[11:59:19.095] [info] actor 00000014 (123): 2 piece(s), 1 recipe(s) applied
[11:59:19.095] [info] actor 00019A29 (Faida): 3D not loaded, skipped
[11:59:19.095] [info] actor 00026F13 (Julienne Lylvieve): 3D not loaded, skipped
[11:59:19.431] [info] actor 00000014: retired 1 recipe(s)
[11:59:19.432] [info] apply armor 040291BA actor 00000014 geometry ' (0403A2CC)[0]/ (040291BA) [75%]' material=private shell (PBR copy, additive, skin cloned, buffers shared, emissive storage cloned, inflation own skin data (copied))
[11:59:19.432] [info] apply armor 040291BA actor 00000014 geometry ' (0403A2CC)[0]/ (040291BA) [75%]' material=private shell (PBR copy, additive, skin cloned, buffers shared, emissive storage cloned, inflation own skin data (copied))
[11:59:19.432] [info]   recipe Skyrim-92DEC: light on NPC Spine2 [Spn2] x1.00, NPC Pelvis [Pelv] x0.94
[11:59:19.432] [info] actor 00000014 (123): 2 piece(s), 1 recipe(s) applied
[11:59:19.432] [info] actor 00019A29 (Faida): 3D not loaded, skipped
[11:59:19.432] [info] actor 00026F13 (Julienne Lylvieve): 3D not loaded, skipped
[11:59:19.432] [info] apply armor 000C5D11 actor 000DCFF3 geometry 'robes' material=private shell (PBR copy, additive, skin cloned, buffers shared, emissive storage cloned, inflation own skin data (copied))
[11:59:19.432] [info] actor 000DCFF3 (Novice Storm Mage): 1 piece(s), 1 recipe(s) applied
[11:59:22.112] [info] actor 00000014: retired 1 recipe(s)
[11:59:22.112] [info] actor 000DCFF3: retired 1 recipe(s)
[11:59:22.113] [info] apply armor 040291BA actor 00000014 geometry ' (0403A2CC)[0]/ (040291BA) [75%]' material=untouched no shell
[11:59:22.113] [info] apply armor 040291BA actor 00000014 geometry ' (0403A2CC)[0]/ (040291BA) [75%]' material=untouched no shell
[11:59:22.113] [info] actor 00000014 (123): 2 piece(s), 1 recipe(s) applied
[11:59:22.113] [info] actor 00019A29 (Faida): 3D not loaded, skipped
[11:59:22.113] [info] actor 00026F13 (Julienne Lylvieve): 3D not loaded, skipped
[11:59:22.114] [info] apply armor 000C5D11 actor 000DCFF3 geometry 'robes' material=private shell (PBR copy, additive, skin cloned, buffers shared, emissive storage cloned, inflation own skin data (copied))
[11:59:22.114] [info] actor 000DCFF3 (Novice Storm Mage): 1 piece(s), 1 recipe(s) applied
[11:59:23.056] [info] actor 00000014: retired 1 recipe(s)
[11:59:23.056] [info] actor 000DCFF3: retired 1 recipe(s)
[11:59:23.057] [info] apply armor 040291BA actor 00000014 geometry ' (0403A2CC)[0]/ (040291BA) [75%]' material=private shell (PBR copy, additive, skin cloned, buffers shared, emissive storage cloned, inflation own skin data (copied))
[11:59:23.057] [info] apply armor 040291BA actor 00000014 geometry ' (0403A2CC)[0]/ (040291BA) [75%]' material=private shell (PBR copy, additive, skin cloned, buffers shared, emissive storage cloned, inflation own skin data (copied))
[11:59:23.057] [info]   recipe Skyrim-92DEC: light on NPC Spine2 [Spn2] x1.00, NPC Pelvis [Pelv] x0.94
[11:59:23.057] [info] actor 00000014 (123): 2 piece(s), 1 recipe(s) applied
[11:59:23.057] [info] actor 00019A29 (Faida): 3D not loaded, skipped
[11:59:23.057] [info] actor 00026F13 (Julienne Lylvieve): 3D not loaded, skipped
[11:59:23.058] [info] apply armor 000C5D11 actor 000DCFF3 geometry 'robes' material=private shell (PBR copy, additive, skin cloned, buffers shared, emissive storage cloned, inflation own skin data (copied))
[11:59:23.058] [info] actor 000DCFF3 (Novice Storm Mage): 1 piece(s), 1 recipe(s) applied
[11:59:44.406] [info] actor 00000014: retired 1 recipe(s)
[11:59:44.406] [info] actor 000DCFF3: retired 1 recipe(s)
[11:59:45.064] [info] apply armor 040291BA actor 00000014 geometry ' (0403A2CC)[0]/ (040291BA) [75%]' material=private shell (PBR copy, additive, skin cloned, buffers shared, emissive storage cloned, inflation own skin data (copied))
[11:59:45.064] [info] apply armor 040291BA actor 00000014 geometry ' (0403A2CC)[0]/ (040291BA) [75%]' material=private shell (PBR copy, additive, skin cloned, buffers shared, emissive storage cloned, inflation own skin data (copied))
[11:59:45.064] [info]   recipe Skyrim-92DEC: light on NPC Spine2 [Spn2] x1.00, NPC Pelvis [Pelv] x0.94
[11:59:45.064] [info] actor 00000014 (123): 2 piece(s), 1 recipe(s) applied
[11:59:45.064] [info] actor 00019A29 (Faida): 3D not loaded, skipped
[11:59:45.065] [info] actor 00026F13 (Julienne Lylvieve): 3D not loaded, skipped
[11:59:45.065] [info] apply armor 000C5D11 actor 000DCFF3 geometry 'robes' material=private shell (PBR copy, additive, skin cloned, buffers shared, emissive storage cloned, inflation own skin data (copied))
[11:59:45.065] [info] actor 000DCFF3 (Novice Storm Mage): 1 piece(s), 1 recipe(s) applied
[11:59:51.142] [info] actor 00000014: retired 1 recipe(s)
[11:59:54.225] [info] apply armor 040291BA actor 00000014 geometry ' (0403A2CC)[0]/ (040291BA) [75%]' material=private shell (PBR copy, additive, skin cloned, buffers shared, emissive storage cloned, inflation own skin data (copied))
[11:59:54.225] [info] apply armor 040291BA actor 00000014 geometry ' (0403A2CC)[0]/ (040291BA) [75%]' material=private shell (PBR copy, additive, skin cloned, buffers shared, emissive storage cloned, inflation own skin data (copied))
[11:59:54.225] [info]   recipe Skyrim-92DEC: light on NPC Spine2 [Spn2] x1.00, NPC Pelvis [Pelv] x0.94
[11:59:54.225] [info] actor 00000014 (123): 2 piece(s), 1 recipe(s) applied
[11:59:54.801] [info] actor 00000014: retired 1 recipe(s)
[11:59:54.815] [info] apply armor 040291BA actor 00000014 geometry ' (0403A2CC)[0]/ (040291BA) [75%]' material=private shell (PBR copy, additive, skin cloned, buffers shared, emissive storage cloned, inflation own skin data (copied))
[11:59:54.815] [info] apply armor 040291BA actor 00000014 geometry ' (0403A2CC)[0]/ (040291BA) [75%]' material=private shell (PBR copy, additive, skin cloned, buffers shared, emissive storage cloned, inflation own skin data (copied))
[11:59:54.815] [info]   recipe Skyrim-92DEC: light on NPC Spine2 [Spn2] x1.00, NPC Pelvis [Pelv] x0.94
[11:59:54.815] [info] actor 00000014 (123): 2 piece(s), 1 recipe(s) applied
[12:00:50.807] [info] actor 00000014: retired 1 recipe(s)
[12:00:51.230] [info] apply armor 040291BA actor 00000014 geometry ' (0403A2CC)[0]/ (040291BA) [75%]' material=private shell (PBR copy, additive, skin cloned, buffers shared, emissive storage cloned, inflation own skin data (copied))
[12:00:51.230] [info] apply armor 040291BA actor 00000014 geometry ' (0403A2CC)[0]/ (040291BA) [75%]' material=private shell (PBR copy, additive, skin cloned, buffers shared, emissive storage cloned, inflation own skin data (copied))
[12:00:51.230] [info]   recipe Skyrim-92DEC: light on NPC Spine2 [Spn2] x1.00, NPC Pelvis [Pelv] x0.94
[12:00:51.230] [info] actor 00000014 (123): 2 piece(s), 1 recipe(s) applied
[12:00:51.872] [info] actor 00000014: retired 1 recipe(s)
[12:00:51.887] [info] apply armor 040291BA actor 00000014 geometry ' (0403A2CC)[0]/ (040291BA) [75%]' material=private shell (PBR copy, additive, skin cloned, buffers shared, emissive storage cloned, inflation own skin data (copied))
[12:00:51.887] [info] apply armor 040291BA actor 00000014 geometry ' (0403A2CC)[0]/ (040291BA) [75%]' material=private shell (PBR copy, additive, skin cloned, buffers shared, emissive storage cloned, inflation own skin data (copied))
[12:00:51.887] [info]   recipe Skyrim-92DEC: light on NPC Spine2 [Spn2] x1.00, NPC Pelvis [Pelv] x0.94
[12:00:51.887] [info] actor 00000014 (123): 2 piece(s), 1 recipe(s) applied
[12:04:42.420] [info] actor 00000014: retired 1 recipe(s)
[12:04:42.421] [info] apply armor 040291BA actor 00000014 geometry ' (0403A2CC)[0]/ (040291BA) [75%]' material=private shell (PBR copy, additive, skin cloned, buffers shared, emissive storage cloned, inflation own skin data (copied))
[12:04:42.421] [info] apply armor 040291BA actor 00000014 geometry ' (0403A2CC)[0]/ (040291BA) [75%]' material=private shell (PBR copy, additive, skin cloned, buffers shared, emissive storage cloned, inflation own skin data (copied))
[12:04:42.421] [info]   recipe Skyrim-92DEC: light on NPC Spine2 [Spn2] x1.00, NPC Pelvis [Pelv] x0.94
[12:04:42.421] [info] actor 00000014 (123): 2 piece(s), 1 recipe(s) applied
[12:04:43.046] [info] actor 00000014: retired 1 recipe(s)
[12:04:43.061] [info] apply armor 040291BA actor 00000014 geometry ' (0403A2CC)[0]/ (040291BA) [75%]' material=private shell (PBR copy, additive, skin cloned, buffers shared, emissive storage cloned, inflation own skin data (copied))
[12:04:43.061] [info] apply armor 040291BA actor 00000014 geometry ' (0403A2CC)[0]/ (040291BA) [75%]' material=private shell (PBR copy, additive, skin cloned, buffers shared, emissive storage cloned, inflation own skin data (copied))
[12:04:43.061] [info]   recipe Skyrim-92DEC: light on NPC Spine2 [Spn2] x1.00, NPC Pelvis [Pelv] x0.94
[12:04:43.061] [info] actor 00000014 (123): 2 piece(s), 1 recipe(s) applied
[12:05:08.983] [info] actor 00000014: retired 1 recipe(s)
[12:05:08.985] [info] apply armor 000FE303 actor 00000014 geometry ' (00098BB2)[0]/ (000FE303) [75%]' material=private shell (PBR copy, additive, skin cloned, buffers shared, emissive storage cloned, inflation own skin data (copied))
[12:05:08.985] [info] apply armor 040291BA actor 00000014 geometry ' (0403A2CC)[0]/ (040291BA) [75%]' material=private shell (PBR copy, additive, skin cloned, buffers shared, emissive storage cloned, inflation own skin data (copied))
[12:05:08.985] [info] apply armor 040291BA actor 00000014 geometry ' (0403A2CC)[0]/ (040291BA) [75%]' material=private shell (PBR copy, additive, skin cloned, buffers shared, emissive storage cloned, inflation own skin data (copied))
[12:05:08.985] [info]   recipe Skyrim-92DED: light on NPC Head [Head] x1.00
[12:05:08.985] [info]   recipe Skyrim-92DEC: light on NPC Spine2 [Spn2] x1.00, NPC Pelvis [Pelv] x0.94
[12:05:08.985] [info] actor 00000014 (123): 3 piece(s), 2 recipe(s) applied
[12:05:08.985] [info] actor 00000014: retired 2 recipe(s)
[12:05:08.986] [info] apply armor 000FE303 actor 00000014 geometry ' (00098BB2)[0]/ (000FE303) [75%]' material=private shell (PBR copy, additive, skin cloned, buffers shared, emissive storage cloned, inflation own skin data (copied))
[12:05:08.986] [info] apply armor 040291BA actor 00000014 geometry ' (0403A2CC)[0]/ (040291BA) [75%]' material=private shell (PBR copy, additive, skin cloned, buffers shared, emissive storage cloned, inflation own skin data (copied))
[12:05:08.986] [info] apply armor 040291BA actor 00000014 geometry ' (0403A2CC)[0]/ (040291BA) [75%]' material=private shell (PBR copy, additive, skin cloned, buffers shared, emissive storage cloned, inflation own skin data (copied))
[12:05:08.986] [info]   recipe Skyrim-92DED: light on NPC Head [Head] x1.00
[12:05:08.986] [info]   recipe Skyrim-92DEC: light on NPC Spine2 [Spn2] x1.00, NPC Pelvis [Pelv] x0.94
[12:05:08.986] [info] actor 00000014 (123): 3 piece(s), 2 recipe(s) applied
[12:05:09.508] [info] actor 00000014: retired 2 recipe(s)
[12:05:09.523] [info] apply armor 000FE303 actor 00000014 geometry ' (00098BB2)[0]/ (000FE303) [75%]' material=private shell (PBR copy, additive, skin cloned, buffers shared, emissive storage cloned, inflation own skin data (copied))
[12:05:09.523] [info] apply armor 040291BA actor 00000014 geometry ' (0403A2CC)[0]/ (040291BA) [75%]' material=private shell (PBR copy, additive, skin cloned, buffers shared, emissive storage cloned, inflation own skin data (copied))
[12:05:09.523] [info] apply armor 040291BA actor 00000014 geometry ' (0403A2CC)[0]/ (040291BA) [75%]' material=private shell (PBR copy, additive, skin cloned, buffers shared, emissive storage cloned, inflation own skin data (copied))
[12:05:09.523] [info]   recipe Skyrim-92DED: light on NPC Head [Head] x1.00
[12:05:09.523] [info]   recipe Skyrim-92DEC: light on NPC Spine2 [Spn2] x1.00, NPC Pelvis [Pelv] x0.94
[12:05:09.523] [info] actor 00000014 (123): 3 piece(s), 2 recipe(s) applied
[12:05:44.998] [info] actor 00000014: retired 2 recipe(s)
[12:05:44.998] [info] apply armor 000FE303 actor 00000014 geometry ' (00098BB2)[0]/ (000FE303) [75%]' material=private shell (PBR copy, additive, skin cloned, buffers shared, emissive storage cloned, inflation own skin data (copied))
[12:05:44.998] [info]   recipe Skyrim-92DED: light on NPC Head [Head] x1.00
[12:05:44.998] [info] actor 00000014 (123): 1 piece(s), 1 recipe(s) applied
[12:06:06.786] [info] actor 00000014: retired 1 recipe(s)
[12:06:06.786] [info] apply armor 000FE303 actor 00000014 geometry ' (00098BB2)[0]/ (000FE303) [75%]' material=private shell (PBR copy, additive, skin cloned, buffers shared, emissive storage cloned, inflation own skin data (copied))
[12:06:06.790] [info] apply armor 000FE300 actor 00000014 geometry 'TorsoLow:0' material=private shell (PBR copy, additive, skin cloned, buffers shared, emissive storage cloned, inflation own skin data (copied))
[12:06:06.790] [info] apply armor 000FE300 actor 00000014 geometry ' (00098BB3)[0]/ (000FE300) [75%]' material=private shell (PBR copy, additive, skin cloned, buffers shared, emissive storage cloned, inflation own skin data (copied))
[12:06:06.790] [info]   recipe Skyrim-92DED: light on NPC Head [Head] x1.00
[12:06:06.790] [info]   recipe Skyrim-92DEC: light on NPC Spine2 [Spn2] x1.00, NPC Pelvis [Pelv] x0.56
[12:06:06.790] [info] actor 00000014 (123): 3 piece(s), 2 recipe(s) applied
[12:06:07.277] [info] actor 00000014: retired 2 recipe(s)
[12:06:07.291] [info] apply armor 000FE303 actor 00000014 geometry ' (00098BB2)[0]/ (000FE303) [75%]' material=private shell (PBR copy, additive, skin cloned, buffers shared, emissive storage cloned, inflation own skin data (copied))
[12:06:07.292] [info] apply armor 000FE300 actor 00000014 geometry 'TorsoLow:0' material=private shell (PBR copy, additive, skin cloned, buffers shared, emissive storage cloned, inflation own skin data (copied))
[12:06:07.292] [info] apply armor 000FE300 actor 00000014 geometry ' (00098BB3)[0]/ (000FE300) [75%]' material=private shell (PBR copy, additive, skin cloned, buffers shared, emissive storage cloned, inflation own skin data (copied))
[12:06:07.292] [info]   recipe Skyrim-92DED: light on NPC Head [Head] x1.00
[12:06:07.292] [info]   recipe Skyrim-92DEC: light on NPC Spine2 [Spn2] x1.00, NPC Pelvis [Pelv] x0.56
[12:06:07.292] [info] actor 00000014 (123): 3 piece(s), 2 recipe(s) applied
[12:06:29.317] [info] actor 00000014: retired 2 recipe(s)
[12:06:29.317] [info] actor 000DCFF3: retired 1 recipe(s)
[12:06:29.317] [info] apply armor 000FE303 actor 00000014 geometry ' (00098BB2)[0]/ (000FE303) [75%]' material=private shell (PBR copy, additive, skin cloned, buffers shared, emissive storage cloned, inflation own skin data (copied))
[12:06:29.317] [info] apply armor 000FE300 actor 00000014 geometry 'TorsoLow:0' material=private shell (PBR copy, additive, skin cloned, buffers shared, emissive storage cloned, inflation own skin data (copied))
[12:06:29.318] [info] apply armor 000FE300 actor 00000014 geometry ' (00098BB3)[0]/ (000FE300) [75%]' material=private shell (PBR copy, additive, skin cloned, buffers shared, emissive storage cloned, inflation own skin data (copied))
[12:06:29.318] [info]   recipe Skyrim-92DED: light on NPC Head [Head] x1.00
[12:06:29.318] [info]   recipe Skyrim-92DEC: light on NPC Spine2 [Spn2] x1.00, NPC Pelvis [Pelv] x0.56
[12:06:29.318] [info] actor 00000014 (123): 3 piece(s), 2 recipe(s) applied
[12:06:29.318] [info] actor 00019A29 (Faida): 3D not loaded, skipped
[12:06:29.318] [info] actor 00026F13 (Julienne Lylvieve): 3D not loaded, skipped
[12:06:29.319] [info] apply armor 000C5D11 actor 000DCFF3 geometry 'robes' material=private shell (PBR copy, additive, skin cloned, buffers shared, emissive storage cloned, inflation own skin data (copied))
[12:06:29.319] [info] actor 000DCFF3 (Novice Storm Mage): 1 piece(s), 1 recipe(s) applied
[12:06:31.423] [info] actor 00000014: retired 2 recipe(s)
[12:06:31.423] [info] actor 000DCFF3: retired 1 recipe(s)
[12:06:32.923] [info] apply armor 000FE303 actor 00000014 geometry ' (00098BB2)[0]/ (000FE303) [75%]' material=private shell (PBR copy, additive, skin cloned, buffers shared, emissive storage cloned, inflation own skin data (copied))
[12:06:32.923] [info] apply armor 000FE300 actor 00000014 geometry 'TorsoLow:0' material=private shell (PBR copy, additive, skin cloned, buffers shared, emissive storage cloned, inflation own skin data (copied))
[12:06:32.924] [info] apply armor 000FE300 actor 00000014 geometry ' (00098BB3)[0]/ (000FE300) [75%]' material=private shell (PBR copy, additive, skin cloned, buffers shared, emissive storage cloned, inflation own skin data (copied))
[12:06:32.924] [info]   recipe Skyrim-92DED: light on NPC Head [Head] x1.00
[12:06:32.924] [info]   recipe Skyrim-92DEC: light on NPC Spine2 [Spn2] x1.00, NPC Pelvis [Pelv] x0.56
[12:06:32.924] [info] actor 00000014 (123): 3 piece(s), 2 recipe(s) applied
[12:06:32.924] [info] actor 00019A29 (Faida): 3D not loaded, skipped
[12:06:32.924] [info] actor 00026F13 (Julienne Lylvieve): 3D not loaded, skipped
[12:06:32.924] [info] apply armor 000C5D11 actor 000DCFF3 geometry 'robes' material=private shell (PBR copy, additive, skin cloned, buffers shared, emissive storage cloned, inflation own skin data (copied))
[12:06:32.925] [info] actor 000DCFF3 (Novice Storm Mage): 1 piece(s), 1 recipe(s) applied
[12:06:36.210] [info] actor 00000014: retired 2 recipe(s)
[12:06:36.210] [info] actor 000DCFF3: retired 1 recipe(s)
[12:06:36.919] [info] apply armor 000FE303 actor 00000014 geometry ' (00098BB2)[0]/ (000FE303) [75%]' material=private shell (PBR copy, additive, skin cloned, buffers shared, emissive storage cloned, inflation own skin data (copied))
[12:06:36.919] [info] apply armor 000FE300 actor 00000014 geometry 'TorsoLow:0' material=private shell (PBR copy, additive, skin cloned, buffers shared, emissive storage cloned, inflation own skin data (copied))
[12:06:36.920] [info] apply armor 000FE300 actor 00000014 geometry ' (00098BB3)[0]/ (000FE300) [75%]' material=private shell (PBR copy, additive, skin cloned, buffers shared, emissive storage cloned, inflation own skin data (copied))
[12:06:36.920] [info]   recipe Skyrim-92DED: light on NPC Head [Head] x1.00
[12:06:36.920] [info]   recipe Skyrim-92DEC: light on NPC Spine2 [Spn2] x1.00, NPC Pelvis [Pelv] x0.56
[12:06:36.920] [info] actor 00000014 (123): 3 piece(s), 2 recipe(s) applied
[12:06:36.920] [info] actor 00019A29 (Faida): 3D not loaded, skipped
[12:06:36.920] [info] actor 00026F13 (Julienne Lylvieve): 3D not loaded, skipped
[12:06:36.920] [info] apply armor 000C5D11 actor 000DCFF3 geometry 'robes' material=private shell (PBR copy, additive, skin cloned, buffers shared, emissive storage cloned, inflation own skin data (copied))
[12:06:36.920] [info] actor 000DCFF3 (Novice Storm Mage): 1 piece(s), 1 recipe(s) applied
[12:07:54.877] [info] actor 00026F13 (Julienne Lylvieve): 3D not loaded, skipped
[12:07:54.877] [info] actor 00026F13 (Julienne Lylvieve): 3D not loaded, skipped
[12:07:54.987] [info] actor 00026F13 (Julienne Lylvieve): 3D not loaded, skipped
[12:09:22.924] [info] actor 00000014: retired 2 recipe(s)
[12:09:22.924] [info] actor 000DCFF3: retired 1 recipe(s)
[12:09:22.925] [info] apply armor 000FE303 actor 00000014 geometry ' (00098BB2)[0]/ (000FE303) [75%]' material=untouched no shell
[12:09:22.925] [info] apply armor 000FE300 actor 00000014 geometry 'TorsoLow:0' material=private shell (PBR copy, additive, skin cloned, buffers shared, emissive storage cloned, inflation own skin data (copied))
[12:09:22.925] [info] apply armor 000FE300 actor 00000014 geometry ' (00098BB3)[0]/ (000FE300) [75%]' material=private shell (PBR copy, additive, skin cloned, buffers shared, emissive storage cloned, inflation own skin data (copied))
[12:09:22.925] [info]   recipe Skyrim-92DEC: light on NPC Spine2 [Spn2] x1.00, NPC Pelvis [Pelv] x0.56
[12:09:22.925] [info] actor 00000014 (123): 3 piece(s), 2 recipe(s) applied
[12:09:22.926] [info] actor 00019A29 (Faida): 3D not loaded, skipped
[12:09:22.926] [info] actor 00019A2B (Azzada Lylvieve): 3D not loaded, skipped
[12:09:22.926] [info] actor 00019A2D (Clinton Lylvieve): 3D not loaded, skipped
[12:09:22.926] [info] apply armor 000C5D11 actor 000DCFF3 geometry 'robes' material=untouched no shell
[12:09:22.926] [info] actor 000DCFF3 (Novice Storm Mage): 1 piece(s), 1 recipe(s) applied
[12:09:25.471] [info] actor 00000014: retired 2 recipe(s)
[12:09:25.471] [info] actor 000DCFF3: retired 1 recipe(s)
[12:09:25.471] [info] new recipe recipe keyed by armor:0xC5D11~Skyrim.esm; saves to Data\SKSE\Plugins\BetterEnchantmentEffects\recipes\user\recipe.json
[12:09:25.472] [info] armor 00000D64 () has no PBR geometry; left alone
[12:09:25.472] [info] apply armor 000FE303 actor 00000014 geometry ' (00098BB2)[0]/ (000FE303) [75%]' material=untouched no shell
[12:09:25.472] [info] apply armor 000FE300 actor 00000014 geometry 'TorsoLow:0' material=private shell (PBR copy, additive, skin cloned, buffers shared, emissive storage cloned, inflation own skin data (copied))
[12:09:25.472] [info] apply armor 000261BD actor 00000014 geometry ' (000261BE)[0]/ (000261BD) [75%]' material=untouched no shell
[12:09:25.472] [info] apply armor 000FE300 actor 00000014 geometry ' (00098BB3)[0]/ (000FE300) [75%]' material=private shell (PBR copy, additive, skin cloned, buffers shared, emissive storage cloned, inflation own skin data (copied))
[12:09:25.472] [info]   recipe Skyrim-92DEC: light on NPC Spine2 [Spn2] x1.00, NPC Pelvis [Pelv] x0.56
[12:09:25.472] [info] actor 00000014 (123): 4 piece(s), 2 recipe(s) applied
[12:09:25.473] [info] actor 00019A29 (Faida): 3D not loaded, skipped
[12:09:25.473] [info] actor 00019A2B (Azzada Lylvieve): 3D not loaded, skipped
[12:09:25.473] [info] actor 00019A2D (Clinton Lylvieve): 3D not loaded, skipped
[12:09:25.475] [info] apply armor 000C5D11 actor 000DCFF3 geometry 'robes' material=private no shell
[12:09:25.475] [info] apply armor 000C5D12 actor 000DCFF3 geometry ' (000C5D13)[0]/ (000C5D12) [50%]' material=untouched no shell
[12:09:25.475] [info] actor 000DCFF3 (Novice Storm Mage): 2 piece(s), 2 recipe(s) applied
[12:09:25.476] [info] armor 00086510 () has no PBR geometry; left alone
[12:09:25.476] [info] armor 00060797 () has no PBR geometry; left alone
[12:09:25.476] [info] armor 0008650F () has no PBR geometry; left alone
[12:09:34.726] [info] actor 00000014: retired 2 recipe(s)
[12:09:34.726] [info] actor 000DCFF3: retired 2 recipe(s)
[12:09:34.727] [info] apply armor 000FE303 actor 00000014 geometry ' (00098BB2)[0]/ (000FE303) [75%]' material=untouched no shell
[12:09:34.727] [info] apply armor 000FE300 actor 00000014 geometry 'TorsoLow:0' material=untouched no shell
[12:09:34.727] [info] apply armor 000261BD actor 00000014 geometry ' (000261BE)[0]/ (000261BD) [75%]' material=untouched no shell
[12:09:34.727] [info] apply armor 000FE300 actor 00000014 geometry ' (00098BB3)[0]/ (000FE300) [75%]' material=untouched no shell
[12:09:34.727] [info] actor 00000014 (123): 4 piece(s), 2 recipe(s) applied
[12:09:34.727] [info] actor 00019A29 (Faida): 3D not loaded, skipped
[12:09:34.727] [info] actor 00019A2B (Azzada Lylvieve): 3D not loaded, skipped
[12:09:34.727] [info] actor 00019A2D (Clinton Lylvieve): 3D not loaded, skipped
[12:09:34.729] [info] apply armor 000C5D11 actor 000DCFF3 geometry 'robes' material=private no shell
[12:09:34.729] [info] apply armor 000C5D12 actor 000DCFF3 geometry ' (000C5D13)[0]/ (000C5D12) [50%]' material=untouched no shell
[12:09:34.729] [info] actor 000DCFF3 (Novice Storm Mage): 2 piece(s), 2 recipe(s) applied
[12:09:40.870] [info] actor 00000014: retired 2 recipe(s)
[12:09:40.870] [info] apply armor 000FE303 actor 00000014 geometry ' (00098BB2)[0]/ (000FE303) [75%]' material=untouched no shell
[12:09:40.870] [info] apply armor 00000D64 actor 00000014 geometry 'MaleUnderwear_1' material=untouched no shell
[12:09:40.870] [info] apply armor 000261BD actor 00000014 geometry ' (000261BE)[0]/ (000261BD) [75%]' material=untouched no shell
[12:09:40.870] [info] actor 00000014 (123): 3 piece(s), 1 recipe(s) applied
[12:09:41.510] [info] actor 00000014: retired 1 recipe(s)
[12:09:41.510] [info] apply armor 000FE303 actor 00000014 geometry ' (00098BB2)[0]/ (000FE303) [75%]' material=untouched no shell
[12:09:41.510] [info] apply armor 000FE300 actor 00000014 geometry 'TorsoLow:0' material=untouched no shell
[12:09:41.510] [info] apply armor 000261BD actor 00000014 geometry ' (000261BE)[0]/ (000261BD) [75%]' material=untouched no shell
[12:09:41.510] [info] apply armor 000FE300 actor 00000014 geometry ' (00098BB3)[0]/ (000FE300) [75%]' material=untouched no shell
[12:09:41.510] [info] actor 00000014 (123): 4 piece(s), 2 recipe(s) applied
[12:09:41.880] [info] actor 00000014: retired 2 recipe(s)
[12:09:41.881] [info] apply armor 000FE300 actor 00000014 geometry 'TorsoLow:0' material=untouched no shell
[12:09:41.881] [info] apply armor 000261BD actor 00000014 geometry ' (000261BE)[0]/ (000261BD) [75%]' material=untouched no shell
[12:09:41.881] [info] apply armor 000FE300 actor 00000014 geometry ' (00098BB3)[0]/ (000FE300) [75%]' material=untouched no shell
[12:09:41.881] [info] actor 00000014 (123): 3 piece(s), 1 recipe(s) applied
[12:09:42.421] [info] actor 00000014: retired 1 recipe(s)
[12:09:42.436] [info] apply armor 000FE300 actor 00000014 geometry 'TorsoLow:0' material=untouched no shell
[12:09:42.436] [info] apply armor 000261BD actor 00000014 geometry ' (000261BE)[0]/ (000261BD) [75%]' material=untouched no shell
[12:09:42.436] [info] apply armor 000FE300 actor 00000014 geometry ' (00098BB3)[0]/ (000FE300) [75%]' material=untouched no shell
[12:09:42.436] [info] actor 00000014 (123): 3 piece(s), 1 recipe(s) applied
[12:10:09.809] [info] actor 00000014: retired 1 recipe(s)
[12:10:09.809] [info] actor 000DCFF3: retired 2 recipe(s)
[12:10:09.809] [info] apply armor 000FE300 actor 00000014 geometry 'TorsoLow:0' material=private no shell
[12:10:09.809] [info] apply armor 000261BD actor 00000014 geometry ' (000261BE)[0]/ (000261BD) [75%]' material=untouched no shell
[12:10:09.809] [info] apply armor 000FE300 actor 00000014 geometry ' (00098BB3)[0]/ (000FE300) [75%]' material=private no shell
[12:10:09.809] [info] actor 00000014 (123): 3 piece(s), 1 recipe(s) applied
[12:10:09.809] [info] actor 00019A29 (Faida): 3D not loaded, skipped
[12:10:09.809] [info] actor 00019A2B (Azzada Lylvieve): 3D not loaded, skipped
[12:10:09.809] [info] actor 00019A2D (Clinton Lylvieve): 3D not loaded, skipped
[12:10:09.811] [info] apply armor 000C5D11 actor 000DCFF3 geometry 'robes' material=private no shell
[12:10:09.811] [info] apply armor 000C5D12 actor 000DCFF3 geometry ' (000C5D13)[0]/ (000C5D12) [50%]' material=untouched no shell
[12:10:09.811] [info] actor 000DCFF3 (Novice Storm Mage): 2 piece(s), 2 recipe(s) applied
[12:10:11.141] [info] actor 00000014: retired 1 recipe(s)
[12:10:11.141] [info] actor 000DCFF3: retired 2 recipe(s)
[12:10:11.142] [info] apply armor 000FE300 actor 00000014 geometry 'TorsoLow:0' material=private no shell
[12:10:11.142] [info] apply armor 000261BD actor 00000014 geometry ' (000261BE)[0]/ (000261BD) [75%]' material=untouched no shell
[12:10:11.142] [info] apply armor 000FE300 actor 00000014 geometry ' (00098BB3)[0]/ (000FE300) [75%]' material=private no shell
[12:10:11.142] [info] actor 00000014 (123): 3 piece(s), 1 recipe(s) applied
[12:10:11.142] [info] actor 00019A29 (Faida): 3D not loaded, skipped
[12:10:11.142] [info] actor 00019A2B (Azzada Lylvieve): 3D not loaded, skipped
[12:10:11.142] [info] actor 00019A2D (Clinton Lylvieve): 3D not loaded, skipped
[12:10:11.143] [info] apply armor 000C5D11 actor 000DCFF3 geometry 'robes' material=private no shell
[12:10:11.143] [info] apply armor 000C5D12 actor 000DCFF3 geometry ' (000C5D13)[0]/ (000C5D12) [50%]' material=untouched no shell
[12:10:11.143] [info] actor 000DCFF3 (Novice Storm Mage): 2 piece(s), 2 recipe(s) applied
[12:10:14.766] [info] actor 00000014: retired 1 recipe(s)
[12:10:14.766] [info] actor 000DCFF3: retired 2 recipe(s)
[12:10:14.766] [info] apply armor 000FE300 actor 00000014 geometry 'TorsoLow:0' material=private no shell
[12:10:14.766] [info] apply armor 000261BD actor 00000014 geometry ' (000261BE)[0]/ (000261BD) [75%]' material=untouched no shell
[12:10:14.766] [info] apply armor 000FE300 actor 00000014 geometry ' (00098BB3)[0]/ (000FE300) [75%]' material=private no shell
[12:10:14.766] [info] actor 00000014 (123): 3 piece(s), 1 recipe(s) applied
[12:10:14.767] [info] actor 00019A29 (Faida): 3D not loaded, skipped
[12:10:14.767] [info] actor 00019A2B (Azzada Lylvieve): 3D not loaded, skipped
[12:10:14.767] [info] actor 00019A2D (Clinton Lylvieve): 3D not loaded, skipped
[12:10:14.769] [info] apply armor 000C5D11 actor 000DCFF3 geometry 'robes' material=private no shell
[12:10:14.769] [info] apply armor 000C5D12 actor 000DCFF3 geometry ' (000C5D13)[0]/ (000C5D12) [50%]' material=untouched no shell
[12:10:14.769] [info] actor 000DCFF3 (Novice Storm Mage): 2 piece(s), 2 recipe(s) applied
[12:10:20.329] [info] actor 00000014: retired 1 recipe(s)
[12:10:20.329] [info] actor 000DCFF3: retired 2 recipe(s)
[12:10:20.329] [info] apply armor 000FE300 actor 00000014 geometry 'TorsoLow:0' material=private no shell
[12:10:20.329] [info] apply armor 000261BD actor 00000014 geometry ' (000261BE)[0]/ (000261BD) [75%]' material=untouched no shell
[12:10:20.329] [info] apply armor 000FE300 actor 00000014 geometry ' (00098BB3)[0]/ (000FE300) [75%]' material=private no shell
[12:10:20.329] [info] actor 00000014 (123): 3 piece(s), 1 recipe(s) applied
[12:10:20.330] [info] actor 00019A29 (Faida): 3D not loaded, skipped
[12:10:20.330] [info] actor 00019A2B (Azzada Lylvieve): 3D not loaded, skipped
[12:10:20.330] [info] actor 00019A2D (Clinton Lylvieve): 3D not loaded, skipped
[12:10:20.986] [info] actor 00000014: retired 1 recipe(s)
[12:10:20.986] [info] apply armor 000FE300 actor 00000014 geometry 'TorsoLow:0' material=private no shell
[12:10:20.986] [info] apply armor 000261BD actor 00000014 geometry ' (000261BE)[0]/ (000261BD) [75%]' material=untouched no shell
[12:10:20.986] [info] apply armor 000FE300 actor 00000014 geometry ' (00098BB3)[0]/ (000FE300) [75%]' material=private no shell
[12:10:20.986] [info] actor 00000014 (123): 3 piece(s), 1 recipe(s) applied
[12:10:20.986] [info] actor 00019A29 (Faida): 3D not loaded, skipped
[12:10:20.986] [info] actor 00019A2B (Azzada Lylvieve): 3D not loaded, skipped
[12:10:20.986] [info] actor 00019A2D (Clinton Lylvieve): 3D not loaded, skipped
[12:10:20.987] [info] apply armor 000C5D11 actor 000DCFF3 geometry 'robes' material=private no shell
[12:10:20.987] [info] apply armor 000C5D12 actor 000DCFF3 geometry ' (000C5D13)[0]/ (000C5D12) [50%]' material=untouched no shell
[12:10:20.987] [info] actor 000DCFF3 (Novice Storm Mage): 2 piece(s), 2 recipe(s) applied
[12:10:21.779] [info] actor 00000014: retired 1 recipe(s)
[12:10:21.779] [info] actor 000DCFF3: retired 2 recipe(s)
[12:10:21.780] [info] apply armor 000FE300 actor 00000014 geometry 'TorsoLow:0' material=private no shell
[12:10:21.780] [info] apply armor 000261BD actor 00000014 geometry ' (000261BE)[0]/ (000261BD) [75%]' material=untouched no shell
[12:10:21.780] [info] apply armor 000FE300 actor 00000014 geometry ' (00098BB3)[0]/ (000FE300) [75%]' material=private no shell
[12:10:21.780] [info] actor 00000014 (123): 3 piece(s), 1 recipe(s) applied
[12:10:21.780] [info] actor 00019A29 (Faida): 3D not loaded, skipped
[12:10:21.780] [info] actor 00019A2B (Azzada Lylvieve): 3D not loaded, skipped
[12:10:21.780] [info] actor 00019A2D (Clinton Lylvieve): 3D not loaded, skipped
[12:10:22.622] [info] actor 00000014: retired 1 recipe(s)
[12:10:22.622] [info] apply armor 000FE300 actor 00000014 geometry 'TorsoLow:0' material=private no shell
[12:10:22.622] [info] apply armor 000261BD actor 00000014 geometry ' (000261BE)[0]/ (000261BD) [75%]' material=untouched no shell
[12:10:22.622] [info] apply armor 000FE300 actor 00000014 geometry ' (00098BB3)[0]/ (000FE300) [75%]' material=private no shell
[12:10:22.622] [info] actor 00000014 (123): 3 piece(s), 1 recipe(s) applied
[12:10:22.623] [info] actor 00019A29 (Faida): 3D not loaded, skipped
[12:10:22.623] [info] actor 00019A2B (Azzada Lylvieve): 3D not loaded, skipped
[12:10:22.623] [info] actor 00019A2D (Clinton Lylvieve): 3D not loaded, skipped
[12:10:22.624] [info] apply armor 000C5D11 actor 000DCFF3 geometry 'robes' material=private no shell
[12:10:22.624] [info] apply armor 000C5D12 actor 000DCFF3 geometry ' (000C5D13)[0]/ (000C5D12) [50%]' material=untouched no shell
[12:10:22.624] [info] actor 000DCFF3 (Novice Storm Mage): 2 piece(s), 2 recipe(s) applied
[12:10:30.510] [info] actor 00000014: retired 1 recipe(s)
[12:10:30.510] [info] actor 000DCFF3: retired 2 recipe(s)
[12:10:30.510] [info] apply armor 000FE300 actor 00000014 geometry 'TorsoLow:0' material=private no shell
[12:10:30.510] [info] apply armor 000261BD actor 00000014 geometry ' (000261BE)[0]/ (000261BD) [75%]' material=untouched no shell
[12:10:30.511] [info] apply armor 000FE300 actor 00000014 geometry ' (00098BB3)[0]/ (000FE300) [75%]' material=private no shell
[12:10:30.511] [info] actor 00000014 (123): 3 piece(s), 1 recipe(s) applied
[12:10:30.511] [info] actor 00019A29 (Faida): 3D not loaded, skipped
[12:10:30.511] [info] actor 00019A2B (Azzada Lylvieve): 3D not loaded, skipped
[12:10:30.511] [info] actor 00019A2D (Clinton Lylvieve): 3D not loaded, skipped
[12:10:30.513] [info] apply armor 000C5D11 actor 000DCFF3 geometry 'robes' material=private no shell
[12:10:30.513] [info] apply armor 000C5D12 actor 000DCFF3 geometry ' (000C5D13)[0]/ (000C5D12) [50%]' material=untouched no shell
[12:10:30.513] [info] actor 000DCFF3 (Novice Storm Mage): 2 piece(s), 2 recipe(s) applied
[12:10:31.503] [info] actor 00000014: retired 1 recipe(s)
[12:10:31.503] [info] actor 000DCFF3: retired 2 recipe(s)
[12:10:31.503] [info] apply armor 000FE300 actor 00000014 geometry 'TorsoLow:0' material=private no shell
[12:10:31.503] [info] apply armor 000261BD actor 00000014 geometry ' (000261BE)[0]/ (000261BD) [75%]' material=untouched no shell
[12:10:31.503] [info] apply armor 000FE300 actor 00000014 geometry ' (00098BB3)[0]/ (000FE300) [75%]' material=private no shell
[12:10:31.503] [info] actor 00000014 (123): 3 piece(s), 1 recipe(s) applied
[12:10:31.504] [info] actor 00019A29 (Faida): 3D not loaded, skipped
[12:10:31.504] [info] actor 00019A2B (Azzada Lylvieve): 3D not loaded, skipped
[12:10:31.504] [info] actor 00019A2D (Clinton Lylvieve): 3D not loaded, skipped
[12:10:31.505] [info] apply armor 000C5D11 actor 000DCFF3 geometry 'robes' material=private no shell
[12:10:31.505] [info] apply armor 000C5D12 actor 000DCFF3 geometry ' (000C5D13)[0]/ (000C5D12) [50%]' material=untouched no shell
[12:10:31.505] [info] actor 000DCFF3 (Novice Storm Mage): 2 piece(s), 2 recipe(s) applied
[12:10:38.580] [info] actor 00000014: retired 1 recipe(s)
[12:10:38.580] [info] actor 000DCFF3: retired 2 recipe(s)
[12:10:38.581] [info] apply armor 000FE300 actor 00000014 geometry 'TorsoLow:0' material=private no shell
[12:10:38.581] [info] apply armor 000261BD actor 00000014 geometry ' (000261BE)[0]/ (000261BD) [75%]' material=untouched no shell
[12:10:38.581] [info] apply armor 000FE300 actor 00000014 geometry ' (00098BB3)[0]/ (000FE300) [75%]' material=private no shell
[12:10:38.581] [info] actor 00000014 (123): 3 piece(s), 1 recipe(s) applied
[12:10:38.581] [info] actor 00019A29 (Faida): 3D not loaded, skipped
[12:10:38.581] [info] actor 00019A2B (Azzada Lylvieve): 3D not loaded, skipped
[12:10:38.581] [info] actor 00019A2D (Clinton Lylvieve): 3D not loaded, skipped
[12:10:38.583] [info] apply armor 000C5D11 actor 000DCFF3 geometry 'robes' material=private no shell
[12:10:38.583] [info] apply armor 000C5D12 actor 000DCFF3 geometry ' (000C5D13)[0]/ (000C5D12) [50%]' material=untouched no shell
[12:10:38.583] [info] actor 000DCFF3 (Novice Storm Mage): 2 piece(s), 2 recipe(s) applied
[12:10:41.110] [info] actor 00000014: retired 1 recipe(s)
[12:10:41.110] [info] actor 000DCFF3: retired 2 recipe(s)
[12:10:41.110] [info] apply armor 000FE300 actor 00000014 geometry 'TorsoLow:0' material=private no shell
[12:10:41.110] [info] apply armor 000261BD actor 00000014 geometry ' (000261BE)[0]/ (000261BD) [75%]' material=untouched no shell
[12:10:41.110] [info] apply armor 000FE300 actor 00000014 geometry ' (00098BB3)[0]/ (000FE300) [75%]' material=private no shell
[12:10:41.110] [info] actor 00000014 (123): 3 piece(s), 1 recipe(s) applied
[12:10:41.111] [info] actor 00019A29 (Faida): 3D not loaded, skipped
[12:10:41.111] [info] actor 00019A2B (Azzada Lylvieve): 3D not loaded, skipped
[12:10:41.111] [info] actor 00019A2D (Clinton Lylvieve): 3D not loaded, skipped
[12:10:41.531] [info] actor 00000014: retired 1 recipe(s)
[12:10:41.531] [info] apply armor 000FE300 actor 00000014 geometry 'TorsoLow:0' material=private no shell
[12:10:41.531] [info] apply armor 000261BD actor 00000014 geometry ' (000261BE)[0]/ (000261BD) [75%]' material=untouched no shell
[12:10:41.531] [info] apply armor 000FE300 actor 00000014 geometry ' (00098BB3)[0]/ (000FE300) [75%]' material=private no shell
[12:10:41.531] [info] actor 00000014 (123): 3 piece(s), 1 recipe(s) applied
[12:10:41.531] [info] actor 00019A29 (Faida): 3D not loaded, skipped
[12:10:41.531] [info] actor 00019A2B (Azzada Lylvieve): 3D not loaded, skipped
[12:10:41.532] [info] actor 00019A2D (Clinton Lylvieve): 3D not loaded, skipped
[12:10:41.533] [info] apply armor 000C5D11 actor 000DCFF3 geometry 'robes' material=private no shell
[12:10:41.533] [info] apply armor 000C5D12 actor 000DCFF3 geometry ' (000C5D13)[0]/ (000C5D12) [50%]' material=untouched no shell
[12:10:41.533] [info] actor 000DCFF3 (Novice Storm Mage): 2 piece(s), 2 recipe(s) applied
[12:11:15.309] [info] actor 00000014: retired 1 recipe(s)
[12:11:15.309] [info] actor 000DCFF3: retired 2 recipe(s)
[12:11:15.309] [info] apply armor 000FE300 actor 00000014 geometry 'TorsoLow:0' material=private no shell
[12:11:15.309] [info] apply armor 000261BD actor 00000014 geometry ' (000261BE)[0]/ (000261BD) [75%]' material=untouched no shell
[12:11:15.309] [info] apply armor 000FE300 actor 00000014 geometry ' (00098BB3)[0]/ (000FE300) [75%]' material=private no shell
[12:11:15.309] [info] actor 00000014 (123): 3 piece(s), 1 recipe(s) applied
[12:11:15.309] [info] actor 00019A29 (Faida): 3D not loaded, skipped
[12:11:15.309] [info] actor 00019A2B (Azzada Lylvieve): 3D not loaded, skipped
[12:11:15.309] [info] actor 00019A2D (Clinton Lylvieve): 3D not loaded, skipped
[12:11:15.310] [info] apply armor 000C5D11 actor 000DCFF3 geometry 'robes' material=private no shell
[12:11:15.310] [info] apply armor 000C5D12 actor 000DCFF3 geometry ' (000C5D13)[0]/ (000C5D12) [50%]' material=untouched no shell
[12:11:15.310] [info] actor 000DCFF3 (Novice Storm Mage): 2 piece(s), 2 recipe(s) applied
[12:11:15.864] [info] actor 00000014: retired 1 recipe(s)
[12:11:15.864] [info] actor 000DCFF3: retired 2 recipe(s)
[12:11:15.865] [info] apply armor 000FE300 actor 00000014 geometry 'TorsoLow:0' material=private no shell
[12:11:15.865] [info] apply armor 000261BD actor 00000014 geometry ' (000261BE)[0]/ (000261BD) [75%]' material=untouched no shell
[12:11:15.865] [info] apply armor 000FE300 actor 00000014 geometry ' (00098BB3)[0]/ (000FE300) [75%]' material=private no shell
[12:11:15.865] [info] actor 00000014 (123): 3 piece(s), 1 recipe(s) applied
[12:11:15.865] [info] actor 00019A29 (Faida): 3D not loaded, skipped
[12:11:15.865] [info] actor 00019A2B (Azzada Lylvieve): 3D not loaded, skipped
[12:11:15.865] [info] actor 00019A2D (Clinton Lylvieve): 3D not loaded, skipped
[12:11:15.866] [info] apply armor 000C5D11 actor 000DCFF3 geometry 'robes' material=private no shell
[12:11:15.866] [info] apply armor 000C5D12 actor 000DCFF3 geometry ' (000C5D13)[0]/ (000C5D12) [50%]' material=untouched no shell
[12:11:15.866] [info] actor 000DCFF3 (Novice Storm Mage): 2 piece(s), 2 recipe(s) applied
[12:11:29.552] [info] actor 00000014: retired 1 recipe(s)
[12:11:29.552] [info] actor 000DCFF3: retired 2 recipe(s)
[12:11:29.552] [info] apply armor 000FE300 actor 00000014 geometry 'TorsoLow:0' material=private no shell
[12:11:29.552] [info] apply armor 000261BD actor 00000014 geometry ' (000261BE)[0]/ (000261BD) [75%]' material=untouched no shell
[12:11:29.552] [info] apply armor 000FE300 actor 00000014 geometry ' (00098BB3)[0]/ (000FE300) [75%]' material=private no shell
[12:11:29.552] [info] actor 00000014 (123): 3 piece(s), 1 recipe(s) applied
[12:11:29.553] [info] actor 00019A29 (Faida): 3D not loaded, skipped
[12:11:29.553] [info] actor 00019A2B (Azzada Lylvieve): 3D not loaded, skipped
[12:11:29.553] [info] actor 00019A2D (Clinton Lylvieve): 3D not loaded, skipped
[12:11:29.554] [info] apply armor 000C5D11 actor 000DCFF3 geometry 'robes' material=private no shell
[12:11:29.554] [info] apply armor 000C5D12 actor 000DCFF3 geometry ' (000C5D13)[0]/ (000C5D12) [50%]' material=untouched no shell
[12:11:29.554] [info] actor 000DCFF3 (Novice Storm Mage): 2 piece(s), 2 recipe(s) applied
[12:11:31.391] [info] actor 00000014: retired 1 recipe(s)
[12:11:31.391] [info] actor 000DCFF3: retired 2 recipe(s)
[12:11:31.391] [info] apply armor 000FE300 actor 00000014 geometry 'TorsoLow:0' material=private no shell
[12:11:31.391] [info] apply armor 000261BD actor 00000014 geometry ' (000261BE)[0]/ (000261BD) [75%]' material=untouched no shell
[12:11:31.391] [info] apply armor 000FE300 actor 00000014 geometry ' (00098BB3)[0]/ (000FE300) [75%]' material=private no shell
[12:11:31.391] [info] actor 00000014 (123): 3 piece(s), 1 recipe(s) applied
[12:11:31.391] [info] actor 00019A29 (Faida): 3D not loaded, skipped
[12:11:31.391] [info] actor 00019A2B (Azzada Lylvieve): 3D not loaded, skipped
[12:11:31.391] [info] actor 00019A2D (Clinton Lylvieve): 3D not loaded, skipped
[12:11:31.394] [info] apply armor 000C5D11 actor 000DCFF3 geometry 'robes' material=private no shell
[12:11:31.394] [info] apply armor 000C5D12 actor 000DCFF3 geometry ' (000C5D13)[0]/ (000C5D12) [50%]' material=untouched no shell
[12:11:31.394] [info] actor 000DCFF3 (Novice Storm Mage): 2 piece(s), 2 recipe(s) applied
[12:11:44.004] [info] actor 00000014: retired 1 recipe(s)
[12:11:44.004] [info] actor 000DCFF3: retired 2 recipe(s)
[12:11:44.005] [info] apply armor 000FE300 actor 00000014 geometry 'TorsoLow:0' material=private no shell
[12:11:44.005] [info] apply armor 000261BD actor 00000014 geometry ' (000261BE)[0]/ (000261BD) [75%]' material=untouched no shell
[12:11:44.005] [info] apply armor 000FE300 actor 00000014 geometry ' (00098BB3)[0]/ (000FE300) [75%]' material=private no shell
[12:11:44.005] [info] actor 00000014 (123): 3 piece(s), 1 recipe(s) applied
[12:11:44.005] [info] actor 00019A29 (Faida): 3D not loaded, skipped
[12:11:44.005] [info] actor 00019A2B (Azzada Lylvieve): 3D not loaded, skipped
[12:11:44.005] [info] actor 00019A2D (Clinton Lylvieve): 3D not loaded, skipped
[12:11:44.593] [info] actor 00000014: retired 1 recipe(s)
[12:11:44.594] [info] apply armor 000FE300 actor 00000014 geometry 'TorsoLow:0' material=private no shell
[12:11:44.594] [info] apply armor 000261BD actor 00000014 geometry ' (000261BE)[0]/ (000261BD) [75%]' material=untouched no shell
[12:11:44.594] [info] apply armor 000FE300 actor 00000014 geometry ' (00098BB3)[0]/ (000FE300) [75%]' material=private no shell
[12:11:44.594] [info] actor 00000014 (123): 3 piece(s), 1 recipe(s) applied
[12:11:44.594] [info] actor 00019A29 (Faida): 3D not loaded, skipped
[12:11:44.594] [info] actor 00019A2B (Azzada Lylvieve): 3D not loaded, skipped
[12:11:44.594] [info] actor 00019A2D (Clinton Lylvieve): 3D not loaded, skipped
[12:11:44.596] [info] apply armor 000C5D11 actor 000DCFF3 geometry 'robes' material=private no shell
[12:11:44.596] [info] apply armor 000C5D12 actor 000DCFF3 geometry ' (000C5D13)[0]/ (000C5D12) [50%]' material=untouched no shell
[12:11:44.596] [info] actor 000DCFF3 (Novice Storm Mage): 2 piece(s), 2 recipe(s) applied
[12:11:45.301] [info] actor 00000014: retired 1 recipe(s)
[12:11:45.301] [info] actor 000DCFF3: retired 2 recipe(s)
[12:11:45.301] [info] apply armor 000FE300 actor 00000014 geometry 'TorsoLow:0' material=private no shell
[12:11:45.301] [info] apply armor 000261BD actor 00000014 geometry ' (000261BE)[0]/ (000261BD) [75%]' material=untouched no shell
[12:11:45.301] [info] apply armor 000FE300 actor 00000014 geometry ' (00098BB3)[0]/ (000FE300) [75%]' material=private no shell
[12:11:45.301] [info] actor 00000014 (123): 3 piece(s), 1 recipe(s) applied
[12:11:45.301] [info] actor 00019A29 (Faida): 3D not loaded, skipped
[12:11:45.301] [info] actor 00019A2B (Azzada Lylvieve): 3D not loaded, skipped
[12:11:45.301] [info] actor 00019A2D (Clinton Lylvieve): 3D not loaded, skipped
[12:11:45.789] [info] actor 00000014: retired 1 recipe(s)
[12:11:45.789] [info] apply armor 000FE300 actor 00000014 geometry 'TorsoLow:0' material=private no shell
[12:11:45.789] [info] apply armor 000261BD actor 00000014 geometry ' (000261BE)[0]/ (000261BD) [75%]' material=untouched no shell
[12:11:45.790] [info] apply armor 000FE300 actor 00000014 geometry ' (00098BB3)[0]/ (000FE300) [75%]' material=private no shell
[12:11:45.790] [info] actor 00000014 (123): 3 piece(s), 1 recipe(s) applied
[12:11:45.790] [info] actor 00019A29 (Faida): 3D not loaded, skipped
[12:11:45.790] [info] actor 00019A2B (Azzada Lylvieve): 3D not loaded, skipped
[12:11:45.790] [info] actor 00019A2D (Clinton Lylvieve): 3D not loaded, skipped
[12:11:45.791] [info] apply armor 000C5D11 actor 000DCFF3 geometry 'robes' material=private no shell
[12:11:45.791] [info] apply armor 000C5D12 actor 000DCFF3 geometry ' (000C5D13)[0]/ (000C5D12) [50%]' material=untouched no shell
[12:11:45.791] [info] actor 000DCFF3 (Novice Storm Mage): 2 piece(s), 2 recipe(s) applied
[12:12:29.457] [info] actor 00000014: retired 1 recipe(s)
[12:12:29.457] [info] actor 000DCFF3: retired 2 recipe(s)
[12:12:29.457] [info] apply armor 000FE300 actor 00000014 geometry 'TorsoLow:0' material=private no shell
[12:12:29.458] [info] apply armor 000261BD actor 00000014 geometry ' (000261BE)[0]/ (000261BD) [75%]' material=untouched no shell
[12:12:29.458] [info] apply armor 000FE300 actor 00000014 geometry ' (00098BB3)[0]/ (000FE300) [75%]' material=private no shell
[12:12:29.458] [info] actor 00000014 (123): 3 piece(s), 1 recipe(s) applied
[12:12:29.458] [info] actor 00019A29 (Faida): 3D not loaded, skipped
[12:12:29.458] [info] actor 00019A2B (Azzada Lylvieve): 3D not loaded, skipped
[12:12:29.458] [info] actor 00019A2D (Clinton Lylvieve): 3D not loaded, skipped
[12:12:29.459] [info] apply armor 000C5D11 actor 000DCFF3 geometry 'robes' material=private no shell
[12:12:29.459] [info] apply armor 000C5D12 actor 000DCFF3 geometry ' (000C5D13)[0]/ (000C5D12) [50%]' material=untouched no shell
[12:12:29.459] [info] actor 000DCFF3 (Novice Storm Mage): 2 piece(s), 2 recipe(s) applied
[12:12:29.979] [info] actor 00000014: retired 1 recipe(s)
[12:12:29.979] [info] actor 000DCFF3: retired 2 recipe(s)
[12:12:29.980] [info] apply armor 000FE300 actor 00000014 geometry 'TorsoLow:0' material=private no shell
[12:12:29.980] [info] apply armor 000261BD actor 00000014 geometry ' (000261BE)[0]/ (000261BD) [75%]' material=untouched no shell
[12:12:29.980] [info] apply armor 000FE300 actor 00000014 geometry ' (00098BB3)[0]/ (000FE300) [75%]' material=private no shell
[12:12:29.980] [info] actor 00000014 (123): 3 piece(s), 1 recipe(s) applied
[12:12:29.980] [info] actor 00019A29 (Faida): 3D not loaded, skipped
[12:12:29.980] [info] actor 00019A2B (Azzada Lylvieve): 3D not loaded, skipped
[12:12:29.980] [info] actor 00019A2D (Clinton Lylvieve): 3D not loaded, skipped
[12:12:29.982] [info] apply armor 000C5D11 actor 000DCFF3 geometry 'robes' material=private no shell
[12:12:29.982] [info] apply armor 000C5D12 actor 000DCFF3 geometry ' (000C5D13)[0]/ (000C5D12) [50%]' material=untouched no shell
[12:12:29.982] [info] actor 000DCFF3 (Novice Storm Mage): 2 piece(s), 2 recipe(s) applied
[12:13:26.114] [info] actor 00000014: retired 1 recipe(s)
[12:13:26.114] [info] actor 000DCFF3: retired 2 recipe(s)
[12:13:26.114] [info] apply armor 000FE300 actor 00000014 geometry 'TorsoLow:0' material=private no shell
[12:13:26.114] [info] apply armor 000261BD actor 00000014 geometry ' (000261BE)[0]/ (000261BD) [75%]' material=untouched no shell
[12:13:26.114] [info] apply armor 000FE300 actor 00000014 geometry ' (00098BB3)[0]/ (000FE300) [75%]' material=private no shell
[12:13:26.114] [info] actor 00000014 (123): 3 piece(s), 1 recipe(s) applied
[12:13:26.114] [info] actor 00019A29 (Faida): 3D not loaded, skipped
[12:13:26.114] [info] actor 00019A2B (Azzada Lylvieve): 3D not loaded, skipped
[12:13:26.114] [info] actor 00019A2D (Clinton Lylvieve): 3D not loaded, skipped
[12:13:26.116] [info] apply armor 000C5D11 actor 000DCFF3 geometry 'robes' material=private no shell
[12:13:26.116] [info] apply armor 000C5D12 actor 000DCFF3 geometry ' (000C5D13)[0]/ (000C5D12) [50%]' material=untouched no shell
[12:13:26.116] [info] actor 000DCFF3 (Novice Storm Mage): 2 piece(s), 2 recipe(s) applied
[12:13:35.706] [info] actor 00000014: retired 1 recipe(s)
[12:13:35.706] [info] actor 000DCFF3: retired 2 recipe(s)
[12:13:35.706] [info] apply armor 000FE300 actor 00000014 geometry 'TorsoLow:0' material=private no shell
[12:13:35.706] [info] apply armor 000261BD actor 00000014 geometry ' (000261BE)[0]/ (000261BD) [75%]' material=untouched no shell
[12:13:35.706] [info] apply armor 000FE300 actor 00000014 geometry ' (00098BB3)[0]/ (000FE300) [75%]' material=private no shell
[12:13:35.706] [info] actor 00000014 (123): 3 piece(s), 1 recipe(s) applied
[12:13:35.706] [info] actor 00019A29 (Faida): 3D not loaded, skipped
[12:13:35.706] [info] actor 00019A2B (Azzada Lylvieve): 3D not loaded, skipped
[12:13:35.706] [info] actor 00019A2D (Clinton Lylvieve): 3D not loaded, skipped
[12:13:39.952] [info] actor 00000014: retired 1 recipe(s)
[12:13:39.954] [info] recipe Skyrim-92DEC saved to Data\SKSE\Plugins\BetterEnchantmentEffects\recipes\user\Skyrim-92DEC.json
[12:13:39.954] [info] apply armor 000FE300 actor 00000014 geometry 'TorsoLow:0' material=private no shell
[12:13:39.954] [info] apply armor 000261BD actor 00000014 geometry ' (000261BE)[0]/ (000261BD) [75%]' material=untouched no shell
[12:13:39.954] [info] apply armor 000FE300 actor 00000014 geometry ' (00098BB3)[0]/ (000FE300) [75%]' material=private no shell
[12:13:39.954] [info] actor 00000014 (123): 3 piece(s), 1 recipe(s) applied
[12:13:39.955] [info] actor 00019A29 (Faida): 3D not loaded, skipped
[12:13:39.955] [info] actor 00019A2B (Azzada Lylvieve): 3D not loaded, skipped
[12:13:39.955] [info] actor 00019A2D (Clinton Lylvieve): 3D not loaded, skipped
[12:14:06.294] [info] actor 00000014: retired 1 recipe(s)
[12:14:06.294] [info] apply armor 000FE300 actor 00000014 geometry 'TorsoLow:0' material=private no shell
[12:14:06.294] [info] apply armor 000261BD actor 00000014 geometry ' (000261BE)[0]/ (000261BD) [75%]' material=untouched no shell
[12:14:06.294] [info] apply armor 000FE300 actor 00000014 geometry ' (00098BB3)[0]/ (000FE300) [75%]' material=private no shell
[12:14:06.294] [info] actor 00000014 (123): 3 piece(s), 1 recipe(s) applied
[12:14:06.295] [info] actor 00019A29 (Faida): 3D not loaded, skipped
[12:14:06.295] [info] actor 00019A2B (Azzada Lylvieve): 3D not loaded, skipped
[12:14:06.295] [info] actor 00019A2D (Clinton Lylvieve): 3D not loaded, skipped
[12:14:10.182] [info] actor 00000014: retired 1 recipe(s)
[12:14:10.183] [info] apply armor 000FE300 actor 00000014 geometry 'TorsoLow:0' material=private no shell
[12:14:10.183] [info] apply armor 000261BD actor 00000014 geometry ' (000261BE)[0]/ (000261BD) [75%]' material=untouched no shell
[12:14:10.183] [info] apply armor 000FE300 actor 00000014 geometry ' (00098BB3)[0]/ (000FE300) [75%]' material=private no shell
[12:14:10.183] [info] actor 00000014 (123): 3 piece(s), 1 recipe(s) applied
[12:14:10.183] [info] actor 00019A29 (Faida): 3D not loaded, skipped
[12:14:10.183] [info] actor 00019A2B (Azzada Lylvieve): 3D not loaded, skipped
[12:14:10.183] [info] actor 00019A2D (Clinton Lylvieve): 3D not loaded, skipped
[12:14:10.185] [info] apply armor 000C5D11 actor 000DCFF3 geometry 'robes' material=private no shell
[12:14:10.185] [info] apply armor 000C5D12 actor 000DCFF3 geometry ' (000C5D13)[0]/ (000C5D12) [50%]' material=untouched no shell
[12:14:10.185] [info] actor 000DCFF3 (Novice Storm Mage): 2 piece(s), 2 recipe(s) applied
[12:14:10.687] [info] actor 00000014: retired 1 recipe(s)
[12:14:10.687] [info] actor 000DCFF3: retired 2 recipe(s)
[12:14:10.687] [info] apply armor 000FE300 actor 00000014 geometry 'TorsoLow:0' material=private no shell
[12:14:10.687] [info] apply armor 000261BD actor 00000014 geometry ' (000261BE)[0]/ (000261BD) [75%]' material=untouched no shell
[12:14:10.687] [info] apply armor 000FE300 actor 00000014 geometry ' (00098BB3)[0]/ (000FE300) [75%]' material=private no shell
[12:14:10.687] [info] actor 00000014 (123): 3 piece(s), 1 recipe(s) applied
[12:14:10.688] [info] actor 00019A29 (Faida): 3D not loaded, skipped
[12:14:10.688] [info] actor 00019A2B (Azzada Lylvieve): 3D not loaded, skipped
[12:14:10.688] [info] actor 00019A2D (Clinton Lylvieve): 3D not loaded, skipped
[12:14:11.041] [info] actor 00000014: retired 1 recipe(s)
[12:14:11.042] [info] apply armor 000FE300 actor 00000014 geometry 'TorsoLow:0' material=private no shell
[12:14:11.042] [info] apply armor 000261BD actor 00000014 geometry ' (000261BE)[0]/ (000261BD) [75%]' material=untouched no shell
[12:14:11.042] [info] apply armor 000FE300 actor 00000014 geometry ' (00098BB3)[0]/ (000FE300) [75%]' material=private no shell
[12:14:11.042] [info] actor 00000014 (123): 3 piece(s), 1 recipe(s) applied
[12:14:11.042] [info] actor 00019A29 (Faida): 3D not loaded, skipped
[12:14:11.042] [info] actor 00019A2B (Azzada Lylvieve): 3D not loaded, skipped
[12:14:11.042] [info] actor 00019A2D (Clinton Lylvieve): 3D not loaded, skipped
[12:14:11.044] [info] apply armor 000C5D11 actor 000DCFF3 geometry 'robes' material=private no shell
[12:14:11.044] [info] apply armor 000C5D12 actor 000DCFF3 geometry ' (000C5D13)[0]/ (000C5D12) [50%]' material=untouched no shell
[12:14:11.044] [info] actor 000DCFF3 (Novice Storm Mage): 2 piece(s), 2 recipe(s) applied
[12:14:17.212] [info] actor 00000014: retired 1 recipe(s)
[12:14:17.212] [info] actor 000DCFF3: retired 2 recipe(s)
[12:14:17.212] [info] apply armor 000FE300 actor 00000014 geometry 'TorsoLow:0' material=private no shell
[12:14:17.212] [info] apply armor 000261BD actor 00000014 geometry ' (000261BE)[0]/ (000261BD) [75%]' material=untouched no shell
[12:14:17.212] [info] apply armor 000FE300 actor 00000014 geometry ' (00098BB3)[0]/ (000FE300) [75%]' material=private no shell
[12:14:17.212] [info] actor 00000014 (123): 3 piece(s), 1 recipe(s) applied
[12:14:17.213] [info] actor 00019A29 (Faida): 3D not loaded, skipped
[12:14:17.213] [info] actor 00019A2B (Azzada Lylvieve): 3D not loaded, skipped
[12:14:17.213] [info] actor 00019A2D (Clinton Lylvieve): 3D not loaded, skipped
[12:14:17.214] [info] apply armor 000C5D11 actor 000DCFF3 geometry 'robes' material=private no shell
[12:14:17.214] [info] apply armor 000C5D12 actor 000DCFF3 geometry ' (000C5D13)[0]/ (000C5D12) [50%]' material=untouched no shell
[12:14:17.214] [info] actor 000DCFF3 (Novice Storm Mage): 2 piece(s), 2 recipe(s) applied
[12:14:20.487] [info] actor 00000014: retired 1 recipe(s)
[12:14:20.487] [info] actor 000DCFF3: retired 2 recipe(s)
[12:14:20.487] [info] apply armor 000FE300 actor 00000014 geometry 'TorsoLow:0' material=untouched no shell
[12:14:20.487] [info] apply armor 000261BD actor 00000014 geometry ' (000261BE)[0]/ (000261BD) [75%]' material=untouched no shell
[12:14:20.487] [info] apply armor 000FE300 actor 00000014 geometry ' (00098BB3)[0]/ (000FE300) [75%]' material=untouched no shell
[12:14:20.487] [info] actor 00000014 (123): 3 piece(s), 1 recipe(s) applied
[12:14:20.488] [info] actor 00019A29 (Faida): 3D not loaded, skipped
[12:14:20.488] [info] actor 00019A2B (Azzada Lylvieve): 3D not loaded, skipped
[12:14:20.488] [info] actor 00019A2D (Clinton Lylvieve): 3D not loaded, skipped
[12:14:20.489] [info] apply armor 000C5D11 actor 000DCFF3 geometry 'robes' material=private no shell
[12:14:20.489] [info] apply armor 000C5D12 actor 000DCFF3 geometry ' (000C5D13)[0]/ (000C5D12) [50%]' material=untouched no shell
[12:14:20.489] [info] actor 000DCFF3 (Novice Storm Mage): 2 piece(s), 2 recipe(s) applied
[12:14:22.626] [info] actor 00000014: retired 1 recipe(s)
[12:14:22.626] [info] actor 000DCFF3: retired 2 recipe(s)
[12:14:22.626] [info] apply armor 000FE300 actor 00000014 geometry 'TorsoLow:0' material=private no shell
[12:14:22.626] [info] apply armor 000261BD actor 00000014 geometry ' (000261BE)[0]/ (000261BD) [75%]' material=untouched no shell
[12:14:22.626] [info] apply armor 000FE300 actor 00000014 geometry ' (00098BB3)[0]/ (000FE300) [75%]' material=private no shell
[12:14:22.626] [info] actor 00000014 (123): 3 piece(s), 1 recipe(s) applied
[12:14:22.627] [info] actor 00019A29 (Faida): 3D not loaded, skipped
[12:14:22.627] [info] actor 00019A2B (Azzada Lylvieve): 3D not loaded, skipped
[12:14:22.627] [info] actor 00019A2D (Clinton Lylvieve): 3D not loaded, skipped
[12:14:22.628] [info] apply armor 000C5D11 actor 000DCFF3 geometry 'robes' material=private no shell
[12:14:22.628] [info] apply armor 000C5D12 actor 000DCFF3 geometry ' (000C5D13)[0]/ (000C5D12) [50%]' material=untouched no shell
[12:14:22.628] [info] actor 000DCFF3 (Novice Storm Mage): 2 piece(s), 2 recipe(s) applied
[12:14:23.771] [info] actor 00000014: retired 1 recipe(s)
[12:14:23.771] [info] actor 000DCFF3: retired 2 recipe(s)
[12:14:23.772] [info] apply armor 000FE300 actor 00000014 geometry 'TorsoLow:0' material=private no shell
[12:14:23.772] [info] apply armor 000261BD actor 00000014 geometry ' (000261BE)[0]/ (000261BD) [75%]' material=untouched no shell
[12:14:23.772] [info] apply armor 000FE300 actor 00000014 geometry ' (00098BB3)[0]/ (000FE300) [75%]' material=private no shell
[12:14:23.772] [info] actor 00000014 (123): 3 piece(s), 1 recipe(s) applied
[12:14:23.772] [info] actor 00019A29 (Faida): 3D not loaded, skipped
[12:14:23.772] [info] actor 00019A2B (Azzada Lylvieve): 3D not loaded, skipped
[12:14:23.772] [info] actor 00019A2D (Clinton Lylvieve): 3D not loaded, skipped
[12:14:23.774] [info] apply armor 000C5D11 actor 000DCFF3 geometry 'robes' material=private no shell
[12:14:23.774] [info] apply armor 000C5D12 actor 000DCFF3 geometry ' (000C5D13)[0]/ (000C5D12) [50%]' material=untouched no shell
[12:14:23.774] [info] actor 000DCFF3 (Novice Storm Mage): 2 piece(s), 2 recipe(s) applied
[12:14:28.291] [info] actor 00000014: retired 1 recipe(s)
[12:14:28.291] [info] actor 000DCFF3: retired 2 recipe(s)
[12:14:28.292] [info] apply armor 000FE300 actor 00000014 geometry 'TorsoLow:0' material=private no shell
[12:14:28.292] [info] apply armor 000261BD actor 00000014 geometry ' (000261BE)[0]/ (000261BD) [75%]' material=untouched no shell
[12:14:28.292] [info] apply armor 000FE300 actor 00000014 geometry ' (00098BB3)[0]/ (000FE300) [75%]' material=private no shell
[12:14:28.292] [info] actor 00000014 (123): 3 piece(s), 1 recipe(s) applied
[12:14:28.292] [info] actor 00019A29 (Faida): 3D not loaded, skipped
[12:14:28.292] [info] actor 00019A2B (Azzada Lylvieve): 3D not loaded, skipped
[12:14:28.292] [info] actor 00019A2D (Clinton Lylvieve): 3D not loaded, skipped
[12:14:28.293] [info] apply armor 000C5D11 actor 000DCFF3 geometry 'robes' material=private no shell
[12:14:28.293] [info] apply armor 000C5D12 actor 000DCFF3 geometry ' (000C5D13)[0]/ (000C5D12) [50%]' material=untouched no shell
[12:14:28.293] [info] actor 000DCFF3 (Novice Storm Mage): 2 piece(s), 2 recipe(s) applied
[12:14:30.618] [info] actor 00000014: retired 1 recipe(s)
[12:14:30.618] [info] actor 000DCFF3: retired 2 recipe(s)
[12:14:30.618] [info] apply armor 000FE300 actor 00000014 geometry 'TorsoLow:0' material=private no shell
[12:14:30.618] [info] apply armor 000261BD actor 00000014 geometry ' (000261BE)[0]/ (000261BD) [75%]' material=untouched no shell
[12:14:30.618] [info] apply armor 000FE300 actor 00000014 geometry ' (00098BB3)[0]/ (000FE300) [75%]' material=private no shell
[12:14:30.618] [info] actor 00000014 (123): 3 piece(s), 1 recipe(s) applied
[12:14:30.619] [info] actor 00019A29 (Faida): 3D not loaded, skipped
[12:14:30.619] [info] actor 00019A2B (Azzada Lylvieve): 3D not loaded, skipped
[12:14:30.619] [info] actor 00019A2D (Clinton Lylvieve): 3D not loaded, skipped
[12:14:31.023] [info] actor 00000014: retired 1 recipe(s)
[12:14:31.023] [info] apply armor 000FE300 actor 00000014 geometry 'TorsoLow:0' material=private no shell
[12:14:31.023] [info] apply armor 000261BD actor 00000014 geometry ' (000261BE)[0]/ (000261BD) [75%]' material=untouched no shell
[12:14:31.023] [info] apply armor 000FE300 actor 00000014 geometry ' (00098BB3)[0]/ (000FE300) [75%]' material=private no shell
[12:14:31.023] [info] actor 00000014 (123): 3 piece(s), 1 recipe(s) applied
[12:14:31.023] [info] actor 00019A29 (Faida): 3D not loaded, skipped
[12:14:31.023] [info] actor 00019A2B (Azzada Lylvieve): 3D not loaded, skipped
[12:14:31.023] [info] actor 00019A2D (Clinton Lylvieve): 3D not loaded, skipped
[12:14:31.024] [info] apply armor 000C5D11 actor 000DCFF3 geometry 'robes' material=private no shell
[12:14:31.025] [info] apply armor 000C5D12 actor 000DCFF3 geometry ' (000C5D13)[0]/ (000C5D12) [50%]' material=untouched no shell
[12:14:31.025] [info] actor 000DCFF3 (Novice Storm Mage): 2 piece(s), 2 recipe(s) applied
[12:15:51.369] [info] actor 00000014: retired 1 recipe(s)
[12:15:51.369] [info] actor 000DCFF3: retired 2 recipe(s)
[12:15:51.370] [info] apply armor 000FE300 actor 00000014 geometry 'TorsoLow:0' material=private no shell
[12:15:51.370] [info] apply armor 000261BD actor 00000014 geometry ' (000261BE)[0]/ (000261BD) [75%]' material=untouched no shell
[12:15:51.370] [info] apply armor 000FE300 actor 00000014 geometry ' (00098BB3)[0]/ (000FE300) [75%]' material=private no shell
[12:15:51.370] [info] actor 00000014 (123): 3 piece(s), 1 recipe(s) applied
[12:15:51.370] [info] actor 00019A29 (Faida): 3D not loaded, skipped
[12:15:51.370] [info] actor 00019A2B (Azzada Lylvieve): 3D not loaded, skipped
[12:15:51.370] [info] actor 00019A2D (Clinton Lylvieve): 3D not loaded, skipped
[12:15:51.372] [info] apply armor 000C5D11 actor 000DCFF3 geometry 'robes' material=private no shell
[12:15:51.372] [info] apply armor 000C5D12 actor 000DCFF3 geometry ' (000C5D13)[0]/ (000C5D12) [50%]' material=untouched no shell
[12:15:51.372] [info] actor 000DCFF3 (Novice Storm Mage): 2 piece(s), 2 recipe(s) applied
[12:15:55.957] [info] actor 00000014: retired 1 recipe(s)
[12:15:55.958] [info] actor 000DCFF3: retired 2 recipe(s)
[12:15:55.958] [info] apply armor 000FE300 actor 00000014 geometry 'TorsoLow:0' material=private no shell
[12:15:55.958] [info] apply armor 000261BD actor 00000014 geometry ' (000261BE)[0]/ (000261BD) [75%]' material=untouched no shell
[12:15:55.958] [info] apply armor 000FE300 actor 00000014 geometry ' (00098BB3)[0]/ (000FE300) [75%]' material=private no shell
[12:15:55.958] [info] actor 00000014 (123): 3 piece(s), 1 recipe(s) applied
[12:15:55.958] [info] actor 00019A29 (Faida): 3D not loaded, skipped
[12:15:55.958] [info] actor 00019A2B (Azzada Lylvieve): 3D not loaded, skipped
[12:15:55.958] [info] actor 00019A2D (Clinton Lylvieve): 3D not loaded, skipped
[12:15:55.960] [info] apply armor 000C5D11 actor 000DCFF3 geometry 'robes' material=private no shell
[12:15:55.960] [info] apply armor 000C5D12 actor 000DCFF3 geometry ' (000C5D13)[0]/ (000C5D12) [50%]' material=untouched no shell
[12:15:55.960] [info] actor 000DCFF3 (Novice Storm Mage): 2 piece(s), 2 recipe(s) applied
[12:15:57.730] [info] actor 00000014: retired 1 recipe(s)
[12:15:57.730] [info] actor 000DCFF3: retired 2 recipe(s)
[12:15:57.730] [info] apply armor 000FE300 actor 00000014 geometry 'TorsoLow:0' material=private no shell
[12:15:57.730] [info] apply armor 000261BD actor 00000014 geometry ' (000261BE)[0]/ (000261BD) [75%]' material=untouched no shell
[12:15:57.730] [info] apply armor 000FE300 actor 00000014 geometry ' (00098BB3)[0]/ (000FE300) [75%]' material=private no shell
[12:15:57.730] [info] actor 00000014 (123): 3 piece(s), 1 recipe(s) applied
[12:15:57.731] [info] actor 00019A29 (Faida): 3D not loaded, skipped
[12:15:57.731] [info] actor 00019A2B (Azzada Lylvieve): 3D not loaded, skipped
[12:15:57.731] [info] actor 00019A2D (Clinton Lylvieve): 3D not loaded, skipped
[12:15:57.733] [info] apply armor 000C5D11 actor 000DCFF3 geometry 'robes' material=private no shell
[12:15:57.733] [info] apply armor 000C5D12 actor 000DCFF3 geometry ' (000C5D13)[0]/ (000C5D12) [50%]' material=untouched no shell
[12:15:57.733] [info] actor 000DCFF3 (Novice Storm Mage): 2 piece(s), 2 recipe(s) applied
[12:17:17.654] [info] actor 00000014: retired 1 recipe(s)
[12:17:17.655] [info] actor 000DCFF3: retired 2 recipe(s)
[12:17:17.655] [info] apply armor 000FE300 actor 00000014 geometry 'TorsoLow:0' material=private no shell
[12:17:17.655] [info] apply armor 000261BD actor 00000014 geometry ' (000261BE)[0]/ (000261BD) [75%]' material=untouched no shell
[12:17:17.655] [info] apply armor 000FE300 actor 00000014 geometry ' (00098BB3)[0]/ (000FE300) [75%]' material=private no shell
[12:17:17.655] [info] actor 00000014 (123): 3 piece(s), 1 recipe(s) applied
[12:17:17.655] [info] actor 00019A29 (Faida): 3D not loaded, skipped
[12:17:17.655] [info] actor 00019A2B (Azzada Lylvieve): 3D not loaded, skipped
[12:17:17.655] [info] actor 00019A2D (Clinton Lylvieve): 3D not loaded, skipped
[12:17:18.077] [info] actor 00000014: retired 1 recipe(s)
[12:17:18.078] [info] apply armor 000FE300 actor 00000014 geometry 'TorsoLow:0' material=private no shell
[12:17:18.078] [info] apply armor 000261BD actor 00000014 geometry ' (000261BE)[0]/ (000261BD) [75%]' material=untouched no shell
[12:17:18.078] [info] apply armor 000FE300 actor 00000014 geometry ' (00098BB3)[0]/ (000FE300) [75%]' material=private no shell
[12:17:18.078] [info] actor 00000014 (123): 3 piece(s), 1 recipe(s) applied
[12:17:18.078] [info] actor 00019A29 (Faida): 3D not loaded, skipped
[12:17:18.078] [info] actor 00019A2B (Azzada Lylvieve): 3D not loaded, skipped
[12:17:18.078] [info] actor 00019A2D (Clinton Lylvieve): 3D not loaded, skipped
[12:17:18.080] [info] apply armor 000C5D11 actor 000DCFF3 geometry 'robes' material=private no shell
[12:17:18.080] [info] apply armor 000C5D12 actor 000DCFF3 geometry ' (000C5D13)[0]/ (000C5D12) [50%]' material=untouched no shell
[12:17:18.080] [info] actor 000DCFF3 (Novice Storm Mage): 2 piece(s), 2 recipe(s) applied
[12:17:28.449] [info] actor 00000014: retired 1 recipe(s)
[12:17:28.449] [info] actor 000DCFF3: retired 2 recipe(s)
[12:17:28.449] [info] apply armor 000FE300 actor 00000014 geometry 'TorsoLow:0' material=private no shell
[12:17:28.449] [info] apply armor 000261BD actor 00000014 geometry ' (000261BE)[0]/ (000261BD) [75%]' material=untouched no shell
[12:17:28.449] [info] apply armor 000FE300 actor 00000014 geometry ' (00098BB3)[0]/ (000FE300) [75%]' material=private no shell
[12:17:28.449] [info] actor 00000014 (123): 3 piece(s), 1 recipe(s) applied
[12:17:28.449] [info] actor 00019A29 (Faida): 3D not loaded, skipped
[12:17:28.449] [info] actor 00019A2B (Azzada Lylvieve): 3D not loaded, skipped
[12:17:28.449] [info] actor 00019A2D (Clinton Lylvieve): 3D not loaded, skipped
[12:17:28.451] [info] apply armor 000C5D11 actor 000DCFF3 geometry 'robes' material=private no shell
[12:17:28.451] [info] apply armor 000C5D12 actor 000DCFF3 geometry ' (000C5D13)[0]/ (000C5D12) [50%]' material=untouched no shell
[12:17:28.451] [info] actor 000DCFF3 (Novice Storm Mage): 2 piece(s), 2 recipe(s) applied
[12:17:33.550] [info] actor 00000014: retired 1 recipe(s)
[12:17:33.937] [info] apply armor 000FE300 actor 00000014 geometry 'TorsoLow:0' material=private no shell
[12:17:33.937] [info] apply armor 000261BD actor 00000014 geometry ' (000261BE)[0]/ (000261BD) [75%]' material=untouched no shell
[12:17:33.937] [info] apply armor 000FE300 actor 00000014 geometry ' (00098BB3)[0]/ (000FE300) [75%]' material=private no shell
[12:17:33.937] [info] actor 00000014 (123): 3 piece(s), 1 recipe(s) applied
[12:17:34.411] [info] actor 00000014: retired 1 recipe(s)
[12:17:34.426] [info] apply armor 000FE300 actor 00000014 geometry 'TorsoLow:0' material=private no shell
[12:17:34.426] [info] apply armor 000261BD actor 00000014 geometry ' (000261BE)[0]/ (000261BD) [75%]' material=untouched no shell
[12:17:34.426] [info] apply armor 000FE300 actor 00000014 geometry ' (00098BB3)[0]/ (000FE300) [75%]' material=private no shell
[12:17:34.426] [info] actor 00000014 (123): 3 piece(s), 1 recipe(s) applied
[12:18:31.153] [info] actor 00000014: retired 1 recipe(s)
[12:18:31.153] [info] actor 000DCFF3: retired 2 recipe(s)
[12:18:31.154] [info] recipe Skyrim-92DEC renamed abc; saves to Data\SKSE\Plugins\BetterEnchantmentEffects\recipes\user\abc.json
[12:18:31.154] [info] apply armor 000FE300 actor 00000014 geometry 'TorsoLow:0' material=private no shell
[12:18:31.154] [info] apply armor 000261BD actor 00000014 geometry ' (000261BE)[0]/ (000261BD) [75%]' material=untouched no shell
[12:18:31.154] [info] apply armor 000FE300 actor 00000014 geometry ' (00098BB3)[0]/ (000FE300) [75%]' material=private no shell
[12:18:31.154] [info] actor 00000014 (123): 3 piece(s), 1 recipe(s) applied
[12:18:31.155] [info] actor 00019A29 (Faida): 3D not loaded, skipped
[12:18:31.155] [info] actor 00019A2B (Azzada Lylvieve): 3D not loaded, skipped
[12:18:31.155] [info] actor 00019A2D (Clinton Lylvieve): 3D not loaded, skipped
[12:18:31.157] [info] apply armor 000C5D11 actor 000DCFF3 geometry 'robes' material=private no shell
[12:18:31.157] [info] apply armor 000C5D12 actor 000DCFF3 geometry ' (000C5D13)[0]/ (000C5D12) [50%]' material=untouched no shell
[12:18:31.157] [info] actor 000DCFF3 (Novice Storm Mage): 2 piece(s), 2 recipe(s) applied
