[15:27:03.684] [info] BetterEnchantmentEffects 0-1-0-0 loading on runtime 1-6-1170-0
[15:27:13.808] [info] kDataLoaded
[15:27:13.808] [info] settings loaded from A:\SteamLibrary\steamapps\common\Skyrim Special Edition\Data\SKSE\Plugins\BetterEnchantmentEffects.ini:
[15:27:13.808] [info]   [General]
[15:27:13.808] [info]   PlayerOnly=false
[15:27:13.808] [info]   EnableShaders=true
[15:27:13.808] [info]   ThirdPerson=true
[15:27:13.808] [info]   FirstPerson=true
[15:27:13.808] [info]   UniqueMaterial=true
[15:27:13.808] [info]   VerboseLogging=true
[15:27:13.808] [info]   AnimationFPS=60
[15:27:13.808] [info]   AnimationSpeed=1
[15:27:13.808] [info]   TextureScale=Full
[15:27:13.809] [info] recipes: 1295 editor IDs indexed (po3's Tweaks not loaded: only the engine's own)
[15:27:13.811] [info] recipe Skyrim-1F03A loaded from Data\SKSE\Plugins\BetterEnchantmentEffects\recipes\imported\Skyrim-1F03A.json (keys: effectShader:0x1F03A~Skyrim.esm; 18 signals, 4 curves, 6 sources, 1 masks, 5 outputs; imported, not yet edited)
[15:27:13.811] [info] recipe Skyrim-5D606 loaded from Data\SKSE\Plugins\BetterEnchantmentEffects\recipes\imported\Skyrim-5D606.json (keys: effectShader:0x5D606~Skyrim.esm; 18 signals, 4 curves, 6 sources, 1 masks, 5 outputs; imported, not yet edited)
[15:27:13.811] [info] recipe Skyrim-92DE7 loaded from Data\SKSE\Plugins\BetterEnchantmentEffects\recipes\imported\Skyrim-92DE7.json (keys: effectShader:0x92DE7~Skyrim.esm; 18 signals, 4 curves, 6 sources, 1 masks, 5 outputs; imported, not yet edited)
[15:27:13.812] [info] recipe Skyrim-92DE8 loaded from Data\SKSE\Plugins\BetterEnchantmentEffects\recipes\imported\Skyrim-92DE8.json (keys: effectShader:0x92DE8~Skyrim.esm; 18 signals, 4 curves, 6 sources, 1 masks, 5 outputs; imported, not yet edited)
[15:27:13.812] [info] recipe Skyrim-92DE9 loaded from Data\SKSE\Plugins\BetterEnchantmentEffects\recipes\imported\Skyrim-92DE9.json (keys: effectShader:0x92DE9~Skyrim.esm; 18 signals, 4 curves, 6 sources, 1 masks, 5 outputs; imported, not yet edited)
[15:27:13.813] [info] recipe Skyrim-92DEC loaded from Data\SKSE\Plugins\BetterEnchantmentEffects\recipes\imported\Skyrim-92DEC.json (keys: effectShader:0x92DEC~Skyrim.esm; 18 signals, 4 curves, 6 sources, 1 masks, 5 outputs; imported, not yet edited)
[15:27:13.813] [info] recipe Skyrim-92DED loaded from Data\SKSE\Plugins\BetterEnchantmentEffects\recipes\imported\Skyrim-92DED.json (keys: effectShader:0x92DED~Skyrim.esm; 18 signals, 4 curves, 6 sources, 1 masks, 5 outputs; imported, not yet edited)
[15:27:13.814] [info] recipe Skyrim-92DEE loaded from Data\SKSE\Plugins\BetterEnchantmentEffects\recipes\imported\Skyrim-92DEE.json (keys: effectShader:0x92DEE~Skyrim.esm; 18 signals, 4 curves, 6 sources, 1 masks, 5 outputs; imported, not yet edited)
[15:27:13.814] [info] recipe Skyrim-BCF27 loaded from Data\SKSE\Plugins\BetterEnchantmentEffects\recipes\imported\Skyrim-BCF27.json (keys: effectShader:0xBCF27~Skyrim.esm; 14 signals, 4 curves, 2 sources, 1 masks, 4 outputs; imported, not yet edited)
[15:27:13.814] [info] recipe abc loaded from Data\SKSE\Plugins\BetterEnchantmentEffects\recipes\user\abc.json (keys: effectShader:0x92DEC~Skyrim.esm; 0 signals, 0 curves, 0 sources, 0 masks, 1 outputs)
[15:27:13.814] [warning] recipe Skyrim-92DEC: key effectShader:0x92DEC~Skyrim.esm is owned by recipe abc (loaded later); Skyrim-92DEC does not resolve by it
[15:27:13.814] [info] presets: 0 mask presets
[15:27:13.815] [info] recipes: 10 loaded, 0 with errors, 0 unresolved editor IDs, 0 imported this session, folder A:\SteamLibrary\steamapps\common\Skyrim Special Edition\Data\SKSE\Plugins\BetterEnchantmentEffects\recipes
[15:27:13.815] [info] SKSE Menu Framework pages registered
[15:27:13.815] [info] event sinks registered
[15:27:13.815] [info] hooked PlayerCharacter::Update (vfunc 0xad)
[15:27:34.896] [info] kPreLoadGame
[15:27:34.896] [info] cleared 0 actor states
[15:27:39.074] [info] kPostLoadGame
[15:27:39.397] [info] PBR material layout check passed
[15:27:39.611] [info] TextureLab: ready (runtime layer textures)
[15:27:39.618] [info] apply armor 000CF80F actor 00000014 geometry ' (00036198)[0]/ (000CF80F) [75%]' material=private shell (PBR copy, additive, skin cloned, buffers shared, emissive storage cloned, inflation own skin data (copied))
[15:27:39.619] [info] apply armor 000FE2FF actor 00000014 geometry 'TorsoLow:0' material=private no shell
[15:27:39.619] [info] apply armor 000FE2FF actor 00000014 geometry ' (00098BB3)[0]/ (000FE2FF) [75%]' material=private no shell
[15:27:39.619] [info]   recipe Skyrim-92DED: light on NPC Head [Head] x1.00
[15:27:39.619] [info] actor 00000014 (123): 3 piece(s), 2 recipe(s) applied
[15:27:39.620] [info] apply armor 000FE300 actor FF00095A geometry 'TorsoLow:0' material=private no shell
[15:27:39.620] [info] actor FF00095A (Faendal): 1 piece(s), 1 recipe(s) applied
[15:27:46.529] [info] actor 00000014: retired 2 recipe(s)
[15:27:46.529] [info] actor FF00095A: retired 1 recipe(s)
[15:27:46.530] [info] apply armor 000CF80F actor 00000014 geometry ' (00036198)[0]/ (000CF80F) [75%]' material=untouched no shell
[15:27:46.530] [info] apply armor 000FE2FF actor 00000014 geometry 'TorsoLow:0' material=private no shell
[15:27:46.530] [info] apply armor 000FE2FF actor 00000014 geometry ' (00098BB3)[0]/ (000FE2FF) [75%]' material=private no shell
[15:27:46.530] [info] actor 00000014 (123): 3 piece(s), 1 recipe(s) applied
[15:27:46.530] [info] apply armor 000FE300 actor FF00095A geometry 'TorsoLow:0' material=private no shell
[15:27:46.530] [info] actor FF00095A (Faendal): 1 piece(s), 1 recipe(s) applied
[15:27:47.399] [info] actor 00000014: retired 1 recipe(s)
[15:27:47.399] [info] actor FF00095A: retired 1 recipe(s)
[15:27:47.399] [info] apply armor 000CF80F actor 00000014 geometry ' (00036198)[0]/ (000CF80F) [75%]' material=private shell (PBR copy, additive, skin cloned, buffers shared, emissive storage cloned, inflation own skin data (copied))
[15:27:47.399] [info] apply armor 000FE2FF actor 00000014 geometry 'TorsoLow:0' material=private no shell
[15:27:47.399] [info] apply armor 000FE2FF actor 00000014 geometry ' (00098BB3)[0]/ (000FE2FF) [75%]' material=private no shell
[15:27:47.399] [info]   recipe Skyrim-92DED: light on NPC Head [Head] x1.00
[15:27:47.399] [info] actor 00000014 (123): 3 piece(s), 2 recipe(s) applied
[15:27:47.400] [info] apply armor 000FE300 actor FF00095A geometry 'TorsoLow:0' material=private no shell
[15:27:47.400] [info] actor FF00095A (Faendal): 1 piece(s), 1 recipe(s) applied
[15:27:48.186] [info] actor 00000014: retired 2 recipe(s)
[15:27:48.186] [info] actor FF00095A: retired 1 recipe(s)
[15:27:48.186] [info] apply armor 000CF80F actor 00000014 geometry ' (00036198)[0]/ (000CF80F) [75%]' material=untouched no shell
[15:27:48.186] [info] apply armor 000FE2FF actor 00000014 geometry 'TorsoLow:0' material=private no shell
[15:27:48.186] [info] apply armor 000FE2FF actor 00000014 geometry ' (00098BB3)[0]/ (000FE2FF) [75%]' material=private no shell
[15:27:48.186] [info] actor 00000014 (123): 3 piece(s), 1 recipe(s) applied
[15:27:48.186] [info] apply armor 000FE300 actor FF00095A geometry 'TorsoLow:0' material=private no shell
[15:27:48.186] [info] actor FF00095A (Faendal): 1 piece(s), 1 recipe(s) applied
[15:27:48.771] [info] actor 00000014: retired 1 recipe(s)
[15:27:48.772] [info] actor FF00095A: retired 1 recipe(s)
[15:27:48.772] [info] apply armor 000CF80F actor 00000014 geometry ' (00036198)[0]/ (000CF80F) [75%]' material=private shell (PBR copy, additive, skin cloned, buffers shared, emissive storage cloned, inflation own skin data (copied))
[15:27:48.773] [info] apply armor 000FE2FF actor 00000014 geometry 'TorsoLow:0' material=private no shell
[15:27:48.773] [info] apply armor 000FE2FF actor 00000014 geometry ' (00098BB3)[0]/ (000FE2FF) [75%]' material=private no shell
[15:27:48.773] [info]   recipe Skyrim-92DED: light on NPC Head [Head] x1.00
[15:27:48.773] [info] actor 00000014 (123): 3 piece(s), 2 recipe(s) applied
[15:27:48.773] [info] apply armor 000FE300 actor FF00095A geometry 'TorsoLow:0' material=private no shell
[15:27:48.773] [info] actor FF00095A (Faendal): 1 piece(s), 1 recipe(s) applied
[15:27:49.156] [info] actor 00000014: retired 2 recipe(s)
[15:27:49.156] [info] actor FF00095A: retired 1 recipe(s)
[15:27:49.156] [info] apply armor 000CF80F actor 00000014 geometry ' (00036198)[0]/ (000CF80F) [75%]' material=untouched no shell
[15:27:49.156] [info] apply armor 000FE2FF actor 00000014 geometry 'TorsoLow:0' material=private no shell
[15:27:49.156] [info] apply armor 000FE2FF actor 00000014 geometry ' (00098BB3)[0]/ (000FE2FF) [75%]' material=private no shell
[15:27:49.156] [info] actor 00000014 (123): 3 piece(s), 1 recipe(s) applied
[15:27:49.156] [info] apply armor 000FE300 actor FF00095A geometry 'TorsoLow:0' material=private no shell
[15:27:49.156] [info] actor FF00095A (Faendal): 1 piece(s), 1 recipe(s) applied
[15:27:50.170] [info] kPreLoadGame
[15:27:50.170] [info] cleared 2 actor states
[15:27:50.942] [info] kPostLoadGame
[15:27:51.043] [info] apply armor 000CF80F actor 00000014 geometry ' (00036198)[0]/ (000CF80F) [75%]' material=untouched no shell
[15:27:51.044] [info] apply armor 000FE2FF actor 00000014 geometry 'TorsoLow:0' material=private no shell
[15:27:51.044] [info] apply armor 000FE2FF actor 00000014 geometry ' (00098BB3)[0]/ (000FE2FF) [75%]' material=private no shell
[15:27:51.044] [info] actor 00000014 (123): 3 piece(s), 1 recipe(s) applied
[15:27:51.045] [info] apply armor 000FE300 actor FF00095A geometry 'TorsoLow:0' material=private no shell
[15:27:51.045] [info] actor FF00095A (Faendal): 1 piece(s), 1 recipe(s) applied
[15:27:54.538] [info] actor 00000014: retired 1 recipe(s)
[15:27:54.538] [info] actor FF00095A: retired 1 recipe(s)
[15:27:54.540] [info] apply armor 000CF80F actor 00000014 geometry ' (00036198)[0]/ (000CF80F) [75%]' material=private shell (PBR copy, additive, skin cloned, buffers shared, emissive storage cloned, inflation own skin data (copied))
[15:27:54.540] [info] apply armor 000FE2FF actor 00000014 geometry 'TorsoLow:0' material=private no shell
[15:27:54.541] [info] apply armor 000FE2FF actor 00000014 geometry ' (00098BB3)[0]/ (000FE2FF) [75%]' material=private no shell
[15:27:54.541] [info]   recipe Skyrim-92DED: light on NPC Head [Head] x1.00
[15:27:54.541] [info] actor 00000014 (123): 3 piece(s), 2 recipe(s) applied
[15:27:54.541] [info] apply armor 000FE300 actor FF00095A geometry 'TorsoLow:0' material=private no shell
[15:27:54.541] [info] actor FF00095A (Faendal): 1 piece(s), 1 recipe(s) applied
[15:27:56.003] [info] kPreLoadGame
[15:27:56.003] [info] cleared 2 actor states
[15:27:56.702] [info] kPostLoadGame
[15:27:56.796] [info] apply armor 000CF80F actor 00000014 geometry ' (00036198)[0]/ (000CF80F) [75%]' material=private shell (PBR copy, additive, skin cloned, buffers shared, emissive storage cloned, inflation own skin data (copied))
[15:27:56.797] [info] apply armor 000FE2FF actor 00000014 geometry 'TorsoLow:0' material=private no shell
[15:27:56.797] [info] apply armor 000FE2FF actor 00000014 geometry ' (00098BB3)[0]/ (000FE2FF) [75%]' material=private no shell
[15:27:56.797] [info]   recipe Skyrim-92DED: light on NPC Head [Head] x1.00
[15:27:56.797] [info] actor 00000014 (123): 3 piece(s), 2 recipe(s) applied
[15:27:56.797] [info] apply armor 000FE300 actor FF00095A geometry 'TorsoLow:0' material=private no shell
[15:27:56.797] [info] actor FF00095A (Faendal): 1 piece(s), 1 recipe(s) applied
[15:28:18.752] [info] actor 00000014: retired 2 recipe(s)
[15:28:18.752] [info] actor FF00095A: retired 1 recipe(s)
[15:28:18.752] [info] apply armor 000CF80F actor 00000014 geometry ' (00036198)[0]/ (000CF80F) [75%]' material=untouched no shell
[15:28:18.752] [info] apply armor 000FE2FF actor 00000014 geometry 'TorsoLow:0' material=private no shell
[15:28:18.753] [info] apply armor 000FE2FF actor 00000014 geometry ' (00098BB3)[0]/ (000FE2FF) [75%]' material=private no shell
[15:28:18.753] [info] actor 00000014 (123): 3 piece(s), 1 recipe(s) applied
[15:28:18.753] [info] apply armor 000FE300 actor FF00095A geometry 'TorsoLow:0' material=private no shell
[15:28:18.753] [info] actor FF00095A (Faendal): 1 piece(s), 1 recipe(s) applied
[15:28:27.394] [info] actor 00000014: retired 1 recipe(s)
[15:28:27.394] [info] actor FF00095A: retired 1 recipe(s)
[15:28:27.394] [info] apply armor 000CF80F actor 00000014 geometry ' (00036198)[0]/ (000CF80F) [75%]' material=private shell (PBR copy, additive, skin cloned, buffers shared, emissive storage cloned, inflation own skin data (copied))
[15:28:27.395] [info] apply armor 000FE2FF actor 00000014 geometry 'TorsoLow:0' material=private no shell
[15:28:27.395] [info] apply armor 000FE2FF actor 00000014 geometry ' (00098BB3)[0]/ (000FE2FF) [75%]' material=private no shell
[15:28:27.395] [info]   recipe Skyrim-92DED: light on NPC Head [Head] x1.00
[15:28:27.395] [info] actor 00000014 (123): 3 piece(s), 2 recipe(s) applied
[15:28:27.395] [info] apply armor 000FE300 actor FF00095A geometry 'TorsoLow:0' material=private no shell
[15:28:27.395] [info] actor FF00095A (Faendal): 1 piece(s), 1 recipe(s) applied
[15:29:22.685] [info] actor 00000014: retired 2 recipe(s)
[15:29:22.685] [info] actor FF00095A: retired 1 recipe(s)
[15:29:22.685] [info] apply armor 000CF80F actor 00000014 geometry ' (00036198)[0]/ (000CF80F) [75%]' material=untouched no shell
[15:29:22.685] [info] apply armor 000FE2FF actor 00000014 geometry 'TorsoLow:0' material=private no shell
[15:29:22.685] [info] apply armor 000FE2FF actor 00000014 geometry ' (00098BB3)[0]/ (000FE2FF) [75%]' material=private no shell
[15:29:22.685] [info] actor 00000014 (123): 3 piece(s), 1 recipe(s) applied
[15:29:22.685] [info] apply armor 000FE300 actor FF00095A geometry 'TorsoLow:0' material=private no shell
[15:29:22.685] [info] actor FF00095A (Faendal): 1 piece(s), 1 recipe(s) applied
[15:29:31.182] [info] actor 00000014: retired 1 recipe(s)
[15:29:31.182] [info] actor FF00095A: retired 1 recipe(s)
[15:29:31.183] [info] apply armor 000CF80F actor 00000014 geometry ' (00036198)[0]/ (000CF80F) [75%]' material=private shell (PBR copy, additive, skin cloned, buffers shared, emissive storage cloned, inflation own skin data (copied))
[15:29:31.183] [info] apply armor 000FE2FF actor 00000014 geometry 'TorsoLow:0' material=private no shell
[15:29:31.183] [info] apply armor 000FE2FF actor 00000014 geometry ' (00098BB3)[0]/ (000FE2FF) [75%]' material=private no shell
[15:29:31.183] [info]   recipe Skyrim-92DED: light on NPC Head [Head] x1.00
[15:29:31.183] [info] actor 00000014 (123): 3 piece(s), 2 recipe(s) applied
[15:29:31.183] [info] apply armor 000FE300 actor FF00095A geometry 'TorsoLow:0' material=private no shell
[15:29:31.183] [info] actor FF00095A (Faendal): 1 piece(s), 1 recipe(s) applied
[15:29:37.720] [info] actor 00000014: retired 2 recipe(s)
[15:29:37.720] [info] actor FF00095A: retired 1 recipe(s)
[15:29:37.721] [info] apply armor 000CF80F actor 00000014 geometry ' (00036198)[0]/ (000CF80F) [75%]' material=untouched no shell
[15:29:37.721] [info] apply armor 000FE2FF actor 00000014 geometry 'TorsoLow:0' material=private no shell
[15:29:37.721] [info] apply armor 000FE2FF actor 00000014 geometry ' (00098BB3)[0]/ (000FE2FF) [75%]' material=private no shell
[15:29:37.721] [info] actor 00000014 (123): 3 piece(s), 1 recipe(s) applied
[15:29:37.721] [info] apply armor 000FE300 actor FF00095A geometry 'TorsoLow:0' material=private no shell
[15:29:37.721] [info] actor FF00095A (Faendal): 1 piece(s), 1 recipe(s) applied
[15:29:38.956] [info] actor 00000014: retired 1 recipe(s)
[15:29:38.956] [info] actor FF00095A: retired 1 recipe(s)
[15:29:38.957] [info] apply armor 000CF80F actor 00000014 geometry ' (00036198)[0]/ (000CF80F) [75%]' material=private shell (PBR copy, additive, skin cloned, buffers shared, emissive storage cloned, inflation own skin data (copied))
[15:29:38.957] [info] apply armor 000FE2FF actor 00000014 geometry 'TorsoLow:0' material=private no shell
[15:29:38.957] [info] apply armor 000FE2FF actor 00000014 geometry ' (00098BB3)[0]/ (000FE2FF) [75%]' material=private no shell
[15:29:38.957] [info]   recipe Skyrim-92DED: light on NPC Head [Head] x1.00
[15:29:38.957] [info] actor 00000014 (123): 3 piece(s), 2 recipe(s) applied
[15:29:38.958] [info] apply armor 000FE300 actor FF00095A geometry 'TorsoLow:0' material=private no shell
[15:29:38.958] [info] actor FF00095A (Faendal): 1 piece(s), 1 recipe(s) applied
[15:29:39.508] [info] actor 00000014: retired 2 recipe(s)
[15:29:39.508] [info] actor FF00095A: retired 1 recipe(s)
[15:29:39.508] [info] apply armor 000CF80F actor 00000014 geometry ' (00036198)[0]/ (000CF80F) [75%]' material=untouched no shell
[15:29:39.508] [info] apply armor 000FE2FF actor 00000014 geometry 'TorsoLow:0' material=private no shell
[15:29:39.508] [info] apply armor 000FE2FF actor 00000014 geometry ' (00098BB3)[0]/ (000FE2FF) [75%]' material=private no shell
[15:29:39.509] [info] actor 00000014 (123): 3 piece(s), 1 recipe(s) applied
[15:29:39.509] [info] apply armor 000FE300 actor FF00095A geometry 'TorsoLow:0' material=private no shell
[15:29:39.509] [info] actor FF00095A (Faendal): 1 piece(s), 1 recipe(s) applied
[15:29:40.026] [info] actor 00000014: retired 1 recipe(s)
[15:29:40.026] [info] actor FF00095A: retired 1 recipe(s)
[15:29:40.027] [info] apply armor 000CF80F actor 00000014 geometry ' (00036198)[0]/ (000CF80F) [75%]' material=private shell (PBR copy, additive, skin cloned, buffers shared, emissive storage cloned, inflation own skin data (copied))
[15:29:40.027] [info] apply armor 000FE2FF actor 00000014 geometry 'TorsoLow:0' material=private no shell
[15:29:40.027] [info] apply armor 000FE2FF actor 00000014 geometry ' (00098BB3)[0]/ (000FE2FF) [75%]' material=private no shell
[15:29:40.027] [info]   recipe Skyrim-92DED: light on NPC Head [Head] x1.00
[15:29:40.027] [info] actor 00000014 (123): 3 piece(s), 2 recipe(s) applied
[15:29:40.027] [info] apply armor 000FE300 actor FF00095A geometry 'TorsoLow:0' material=private no shell
[15:29:40.027] [info] actor FF00095A (Faendal): 1 piece(s), 1 recipe(s) applied
[15:29:40.427] [info] actor 00000014: retired 2 recipe(s)
[15:29:40.428] [info] actor FF00095A: retired 1 recipe(s)
[15:29:40.428] [info] apply armor 000CF80F actor 00000014 geometry ' (00036198)[0]/ (000CF80F) [75%]' material=untouched no shell
[15:29:40.428] [info] apply armor 000FE2FF actor 00000014 geometry 'TorsoLow:0' material=private no shell
[15:29:40.428] [info] apply armor 000FE2FF actor 00000014 geometry ' (00098BB3)[0]/ (000FE2FF) [75%]' material=private no shell
[15:29:40.428] [info] actor 00000014 (123): 3 piece(s), 1 recipe(s) applied
[15:29:40.428] [info] apply armor 000FE300 actor FF00095A geometry 'TorsoLow:0' material=private no shell
[15:29:40.428] [info] actor FF00095A (Faendal): 1 piece(s), 1 recipe(s) applied
[15:29:40.946] [info] actor 00000014: retired 1 recipe(s)
[15:29:40.946] [info] actor FF00095A: retired 1 recipe(s)
[15:29:40.947] [info] apply armor 000CF80F actor 00000014 geometry ' (00036198)[0]/ (000CF80F) [75%]' material=private shell (PBR copy, additive, skin cloned, buffers shared, emissive storage cloned, inflation own skin data (copied))
[15:29:40.947] [info] apply armor 000FE2FF actor 00000014 geometry 'TorsoLow:0' material=private no shell
[15:29:40.947] [info] apply armor 000FE2FF actor 00000014 geometry ' (00098BB3)[0]/ (000FE2FF) [75%]' material=private no shell
[15:29:40.947] [info]   recipe Skyrim-92DED: light on NPC Head [Head] x1.00
[15:29:40.947] [info] actor 00000014 (123): 3 piece(s), 2 recipe(s) applied
[15:29:40.947] [info] apply armor 000FE300 actor FF00095A geometry 'TorsoLow:0' material=private no shell
[15:29:40.947] [info] actor FF00095A (Faendal): 1 piece(s), 1 recipe(s) applied
[15:29:41.464] [info] actor 00000014: retired 2 recipe(s)
[15:29:41.464] [info] actor FF00095A: retired 1 recipe(s)
[15:29:41.464] [info] apply armor 000CF80F actor 00000014 geometry ' (00036198)[0]/ (000CF80F) [75%]' material=untouched no shell
[15:29:41.464] [info] apply armor 000FE2FF actor 00000014 geometry 'TorsoLow:0' material=private no shell
[15:29:41.464] [info] apply armor 000FE2FF actor 00000014 geometry ' (00098BB3)[0]/ (000FE2FF) [75%]' material=private no shell
[15:29:41.464] [info] actor 00000014 (123): 3 piece(s), 1 recipe(s) applied
[15:29:41.464] [info] apply armor 000FE300 actor FF00095A geometry 'TorsoLow:0' material=private no shell
[15:29:41.464] [info] actor FF00095A (Faendal): 1 piece(s), 1 recipe(s) applied
[15:29:41.965] [info] actor 00000014: retired 1 recipe(s)
[15:29:41.965] [info] actor FF00095A: retired 1 recipe(s)
[15:29:41.965] [info] apply armor 000CF80F actor 00000014 geometry ' (00036198)[0]/ (000CF80F) [75%]' material=private shell (PBR copy, additive, skin cloned, buffers shared, emissive storage cloned, inflation own skin data (copied))
[15:29:41.965] [info] apply armor 000FE2FF actor 00000014 geometry 'TorsoLow:0' material=private no shell
[15:29:41.965] [info] apply armor 000FE2FF actor 00000014 geometry ' (00098BB3)[0]/ (000FE2FF) [75%]' material=private no shell
[15:29:41.965] [info]   recipe Skyrim-92DED: light on NPC Head [Head] x1.00
[15:29:41.965] [info] actor 00000014 (123): 3 piece(s), 2 recipe(s) applied
[15:29:41.966] [info] apply armor 000FE300 actor FF00095A geometry 'TorsoLow:0' material=private no shell
[15:29:41.966] [info] actor FF00095A (Faendal): 1 piece(s), 1 recipe(s) applied
[15:29:42.449] [info] actor 00000014: retired 2 recipe(s)
[15:29:42.449] [info] actor FF00095A: retired 1 recipe(s)
[15:29:42.449] [info] apply armor 000CF80F actor 00000014 geometry ' (00036198)[0]/ (000CF80F) [75%]' material=untouched no shell
[15:29:42.449] [info] apply armor 000FE2FF actor 00000014 geometry 'TorsoLow:0' material=private no shell
[15:29:42.449] [info] apply armor 000FE2FF actor 00000014 geometry ' (00098BB3)[0]/ (000FE2FF) [75%]' material=private no shell
[15:29:42.449] [info] actor 00000014 (123): 3 piece(s), 1 recipe(s) applied
[15:29:42.450] [info] apply armor 000FE300 actor FF00095A geometry 'TorsoLow:0' material=private no shell
[15:29:42.450] [info] actor FF00095A (Faendal): 1 piece(s), 1 recipe(s) applied
[15:29:42.833] [info] actor 00000014: retired 1 recipe(s)
[15:29:42.833] [info] actor FF00095A: retired 1 recipe(s)
[15:29:42.834] [info] apply armor 000CF80F actor 00000014 geometry ' (00036198)[0]/ (000CF80F) [75%]' material=private shell (PBR copy, additive, skin cloned, buffers shared, emissive storage cloned, inflation own skin data (copied))
[15:29:42.834] [info] apply armor 000FE2FF actor 00000014 geometry 'TorsoLow:0' material=private no shell
[15:29:42.834] [info] apply armor 000FE2FF actor 00000014 geometry ' (00098BB3)[0]/ (000FE2FF) [75%]' material=private no shell
[15:29:42.834] [info]   recipe Skyrim-92DED: light on NPC Head [Head] x1.00
[15:29:42.834] [info] actor 00000014 (123): 3 piece(s), 2 recipe(s) applied
[15:29:42.834] [info] apply armor 000FE300 actor FF00095A geometry 'TorsoLow:0' material=private no shell
[15:29:42.834] [info] actor FF00095A (Faendal): 1 piece(s), 1 recipe(s) applied
[15:29:43.151] [info] actor 00000014: retired 2 recipe(s)
[15:29:43.151] [info] actor FF00095A: retired 1 recipe(s)
[15:29:43.152] [info] apply armor 000CF80F actor 00000014 geometry ' (00036198)[0]/ (000CF80F) [75%]' material=untouched no shell
[15:29:43.152] [info] apply armor 000FE2FF actor 00000014 geometry 'TorsoLow:0' material=private no shell
[15:29:43.152] [info] apply armor 000FE2FF actor 00000014 geometry ' (00098BB3)[0]/ (000FE2FF) [75%]' material=private no shell
[15:29:43.152] [info] actor 00000014 (123): 3 piece(s), 1 recipe(s) applied
[15:29:43.152] [info] apply armor 000FE300 actor FF00095A geometry 'TorsoLow:0' material=private no shell
[15:29:43.152] [info] actor FF00095A (Faendal): 1 piece(s), 1 recipe(s) applied
[15:29:43.502] [info] actor 00000014: retired 1 recipe(s)
[15:29:43.502] [info] actor FF00095A: retired 1 recipe(s)
[15:29:43.503] [info] apply armor 000CF80F actor 00000014 geometry ' (00036198)[0]/ (000CF80F) [75%]' material=private shell (PBR copy, additive, skin cloned, buffers shared, emissive storage cloned, inflation own skin data (copied))
[15:29:43.503] [info] apply armor 000FE2FF actor 00000014 geometry 'TorsoLow:0' material=private no shell
[15:29:43.503] [info] apply armor 000FE2FF actor 00000014 geometry ' (00098BB3)[0]/ (000FE2FF) [75%]' material=private no shell
[15:29:43.503] [info]   recipe Skyrim-92DED: light on NPC Head [Head] x1.00
[15:29:43.503] [info] actor 00000014 (123): 3 piece(s), 2 recipe(s) applied
[15:29:43.503] [info] apply armor 000FE300 actor FF00095A geometry 'TorsoLow:0' material=private no shell
[15:29:43.503] [info] actor FF00095A (Faendal): 1 piece(s), 1 recipe(s) applied
[15:29:43.869] [info] actor 00000014: retired 2 recipe(s)
[15:29:43.869] [info] actor FF00095A: retired 1 recipe(s)
[15:29:43.870] [info] apply armor 000CF80F actor 00000014 geometry ' (00036198)[0]/ (000CF80F) [75%]' material=untouched no shell
[15:29:43.870] [info] apply armor 000FE2FF actor 00000014 geometry 'TorsoLow:0' material=private no shell
[15:29:43.870] [info] apply armor 000FE2FF actor 00000014 geometry ' (00098BB3)[0]/ (000FE2FF) [75%]' material=private no shell
[15:29:43.870] [info] actor 00000014 (123): 3 piece(s), 1 recipe(s) applied
[15:29:43.870] [info] apply armor 000FE300 actor FF00095A geometry 'TorsoLow:0' material=private no shell
[15:29:43.870] [info] actor FF00095A (Faendal): 1 piece(s), 1 recipe(s) applied
[15:29:44.236] [info] actor 00000014: retired 1 recipe(s)
[15:29:44.236] [info] actor FF00095A: retired 1 recipe(s)
[15:29:44.237] [info] apply armor 000CF80F actor 00000014 geometry ' (00036198)[0]/ (000CF80F) [75%]' material=private shell (PBR copy, additive, skin cloned, buffers shared, emissive storage cloned, inflation own skin data (copied))
[15:29:44.237] [info] apply armor 000FE2FF actor 00000014 geometry 'TorsoLow:0' material=private no shell
[15:29:44.237] [info] apply armor 000FE2FF actor 00000014 geometry ' (00098BB3)[0]/ (000FE2FF) [75%]' material=private no shell
[15:29:44.237] [info]   recipe Skyrim-92DED: light on NPC Head [Head] x1.00
[15:29:44.237] [info] actor 00000014 (123): 3 piece(s), 2 recipe(s) applied
[15:29:44.237] [info] apply armor 000FE300 actor FF00095A geometry 'TorsoLow:0' material=private no shell
[15:29:44.237] [info] actor FF00095A (Faendal): 1 piece(s), 1 recipe(s) applied
[15:29:44.837] [info] actor 00000014: retired 2 recipe(s)
[15:29:44.837] [info] actor FF00095A: retired 1 recipe(s)
[15:29:44.838] [info] apply armor 000CF80F actor 00000014 geometry ' (00036198)[0]/ (000CF80F) [75%]' material=untouched no shell
[15:29:44.838] [info] apply armor 000FE2FF actor 00000014 geometry 'TorsoLow:0' material=private no shell
[15:29:44.838] [info] apply armor 000FE2FF actor 00000014 geometry ' (00098BB3)[0]/ (000FE2FF) [75%]' material=private no shell
[15:29:44.838] [info] actor 00000014 (123): 3 piece(s), 1 recipe(s) applied
[15:29:44.838] [info] apply armor 000FE300 actor FF00095A geometry 'TorsoLow:0' material=private no shell
[15:29:44.838] [info] actor FF00095A (Faendal): 1 piece(s), 1 recipe(s) applied
[15:30:11.949] [info] actor 00000014: retired 1 recipe(s)
[15:30:11.949] [info] actor FF00095A: retired 1 recipe(s)
[15:30:11.950] [info] apply armor 000CF80F actor 00000014 geometry ' (00036198)[0]/ (000CF80F) [75%]' material=private shell (PBR copy, additive, skin cloned, buffers shared, emissive storage cloned, inflation own skin data (copied))
[15:30:11.950] [info] apply armor 000FE2FF actor 00000014 geometry 'TorsoLow:0' material=private no shell
[15:30:11.950] [info] apply armor 000FE2FF actor 00000014 geometry ' (00098BB3)[0]/ (000FE2FF) [75%]' material=private no shell
[15:30:11.950] [info]   recipe Skyrim-92DED: light on NPC Head [Head] x1.00
[15:30:11.950] [info] actor 00000014 (123): 3 piece(s), 2 recipe(s) applied
[15:30:11.950] [info] apply armor 000FE300 actor FF00095A geometry 'TorsoLow:0' material=private no shell
[15:30:11.950] [info] actor FF00095A (Faendal): 1 piece(s), 1 recipe(s) applied
[15:30:14.442] [info] actor 00000014: retired 2 recipe(s)
[15:30:14.442] [info] actor FF00095A: retired 1 recipe(s)
[15:30:14.442] [info] apply armor 000CF80F actor 00000014 geometry ' (00036198)[0]/ (000CF80F) [75%]' material=untouched no shell
[15:30:14.442] [info] apply armor 000FE2FF actor 00000014 geometry 'TorsoLow:0' material=private no shell
[15:30:14.442] [info] apply armor 000FE2FF actor 00000014 geometry ' (00098BB3)[0]/ (000FE2FF) [75%]' material=private no shell
[15:30:14.442] [info] actor 00000014 (123): 3 piece(s), 1 recipe(s) applied
[15:30:14.443] [info] apply armor 000FE300 actor FF00095A geometry 'TorsoLow:0' material=private no shell
[15:30:14.443] [info] actor FF00095A (Faendal): 1 piece(s), 1 recipe(s) applied
[15:30:14.827] [info] actor 00000014: retired 1 recipe(s)
[15:30:14.827] [info] actor FF00095A: retired 1 recipe(s)
[15:30:14.827] [info] apply armor 000CF80F actor 00000014 geometry ' (00036198)[0]/ (000CF80F) [75%]' material=private shell (PBR copy, additive, skin cloned, buffers shared, emissive storage cloned, inflation own skin data (copied))
[15:30:14.828] [info] apply armor 000FE2FF actor 00000014 geometry 'TorsoLow:0' material=private no shell
[15:30:14.828] [info] apply armor 000FE2FF actor 00000014 geometry ' (00098BB3)[0]/ (000FE2FF) [75%]' material=private no shell
[15:30:14.828] [info]   recipe Skyrim-92DED: light on NPC Head [Head] x1.00
[15:30:14.828] [info] actor 00000014 (123): 3 piece(s), 2 recipe(s) applied
[15:30:14.828] [info] apply armor 000FE300 actor FF00095A geometry 'TorsoLow:0' material=private no shell
[15:30:14.828] [info] actor FF00095A (Faendal): 1 piece(s), 1 recipe(s) applied
[15:30:15.178] [info] actor 00000014: retired 2 recipe(s)
[15:30:15.178] [info] actor FF00095A: retired 1 recipe(s)
[15:30:15.179] [info] apply armor 000CF80F actor 00000014 geometry ' (00036198)[0]/ (000CF80F) [75%]' material=untouched no shell
[15:30:15.179] [info] apply armor 000FE2FF actor 00000014 geometry 'TorsoLow:0' material=private no shell
[15:30:15.179] [info] apply armor 000FE2FF actor 00000014 geometry ' (00098BB3)[0]/ (000FE2FF) [75%]' material=private no shell
[15:30:15.179] [info] actor 00000014 (123): 3 piece(s), 1 recipe(s) applied
[15:30:15.179] [info] apply armor 000FE300 actor FF00095A geometry 'TorsoLow:0' material=private no shell
[15:30:15.179] [info] actor FF00095A (Faendal): 1 piece(s), 1 recipe(s) applied
[15:30:15.513] [info] actor 00000014: retired 1 recipe(s)
[15:30:15.513] [info] actor FF00095A: retired 1 recipe(s)
[15:30:15.513] [info] apply armor 000CF80F actor 00000014 geometry ' (00036198)[0]/ (000CF80F) [75%]' material=private shell (PBR copy, additive, skin cloned, buffers shared, emissive storage cloned, inflation own skin data (copied))
[15:30:15.513] [info] apply armor 000FE2FF actor 00000014 geometry 'TorsoLow:0' material=private no shell
[15:30:15.514] [info] apply armor 000FE2FF actor 00000014 geometry ' (00098BB3)[0]/ (000FE2FF) [75%]' material=private no shell
[15:30:15.514] [info]   recipe Skyrim-92DED: light on NPC Head [Head] x1.00
[15:30:15.514] [info] actor 00000014 (123): 3 piece(s), 2 recipe(s) applied
[15:30:15.514] [info] apply armor 000FE300 actor FF00095A geometry 'TorsoLow:0' material=private no shell
[15:30:15.514] [info] actor FF00095A (Faendal): 1 piece(s), 1 recipe(s) applied
[15:30:15.730] [info] actor 00000014: retired 2 recipe(s)
[15:30:15.730] [info] actor FF00095A: retired 1 recipe(s)
[15:30:15.730] [info] apply armor 000CF80F actor 00000014 geometry ' (00036198)[0]/ (000CF80F) [75%]' material=untouched no shell
[15:30:15.730] [info] apply armor 000FE2FF actor 00000014 geometry 'TorsoLow:0' material=private no shell
[15:30:15.731] [info] apply armor 000FE2FF actor 00000014 geometry ' (00098BB3)[0]/ (000FE2FF) [75%]' material=private no shell
[15:30:15.731] [info] actor 00000014 (123): 3 piece(s), 1 recipe(s) applied
[15:30:15.731] [info] apply armor 000FE300 actor FF00095A geometry 'TorsoLow:0' material=private no shell
[15:30:15.731] [info] actor FF00095A (Faendal): 1 piece(s), 1 recipe(s) applied
[15:30:15.881] [info] actor 00000014: retired 1 recipe(s)
[15:30:15.881] [info] actor FF00095A: retired 1 recipe(s)
[15:30:15.881] [info] apply armor 000CF80F actor 00000014 geometry ' (00036198)[0]/ (000CF80F) [75%]' material=private shell (PBR copy, additive, skin cloned, buffers shared, emissive storage cloned, inflation own skin data (copied))
[15:30:15.882] [info] apply armor 000FE2FF actor 00000014 geometry 'TorsoLow:0' material=private no shell
[15:30:15.882] [info] apply armor 000FE2FF actor 00000014 geometry ' (00098BB3)[0]/ (000FE2FF) [75%]' material=private no shell
[15:30:15.882] [info]   recipe Skyrim-92DED: light on NPC Head [Head] x1.00
[15:30:15.882] [info] actor 00000014 (123): 3 piece(s), 2 recipe(s) applied
[15:30:15.882] [info] apply armor 000FE300 actor FF00095A geometry 'TorsoLow:0' material=private no shell
[15:30:15.882] [info] actor FF00095A (Faendal): 1 piece(s), 1 recipe(s) applied
[15:30:16.015] [info] actor 00000014: retired 2 recipe(s)
[15:30:16.015] [info] actor FF00095A: retired 1 recipe(s)
[15:30:16.015] [info] apply armor 000CF80F actor 00000014 geometry ' (00036198)[0]/ (000CF80F) [75%]' material=untouched no shell
[15:30:16.015] [info] apply armor 000FE2FF actor 00000014 geometry 'TorsoLow:0' material=private no shell
[15:30:16.015] [info] apply armor 000FE2FF actor 00000014 geometry ' (00098BB3)[0]/ (000FE2FF) [75%]' material=private no shell
[15:30:16.015] [info] actor 00000014 (123): 3 piece(s), 1 recipe(s) applied
[15:30:16.015] [info] apply armor 000FE300 actor FF00095A geometry 'TorsoLow:0' material=private no shell
[15:30:16.015] [info] actor FF00095A (Faendal): 1 piece(s), 1 recipe(s) applied
[15:30:16.182] [info] actor 00000014: retired 1 recipe(s)
[15:30:16.182] [info] actor FF00095A: retired 1 recipe(s)
[15:30:16.183] [info] apply armor 000CF80F actor 00000014 geometry ' (00036198)[0]/ (000CF80F) [75%]' material=private shell (PBR copy, additive, skin cloned, buffers shared, emissive storage cloned, inflation own skin data (copied))
[15:30:16.183] [info] apply armor 000FE2FF actor 00000014 geometry 'TorsoLow:0' material=private no shell
[15:30:16.183] [info] apply armor 000FE2FF actor 00000014 geometry ' (00098BB3)[0]/ (000FE2FF) [75%]' material=private no shell
[15:30:16.183] [info]   recipe Skyrim-92DED: light on NPC Head [Head] x1.00
[15:30:16.183] [info] actor 00000014 (123): 3 piece(s), 2 recipe(s) applied
[15:30:16.183] [info] apply armor 000FE300 actor FF00095A geometry 'TorsoLow:0' material=private no shell
[15:30:16.183] [info] actor FF00095A (Faendal): 1 piece(s), 1 recipe(s) applied
[15:30:16.767] [info] actor 00000014: retired 2 recipe(s)
[15:30:16.767] [info] actor FF00095A: retired 1 recipe(s)
[15:30:16.767] [info] apply armor 000CF80F actor 00000014 geometry ' (00036198)[0]/ (000CF80F) [75%]' material=untouched no shell
[15:30:16.767] [info] apply armor 000FE2FF actor 00000014 geometry 'TorsoLow:0' material=private no shell
[15:30:16.767] [info] apply armor 000FE2FF actor 00000014 geometry ' (00098BB3)[0]/ (000FE2FF) [75%]' material=private no shell
[15:30:16.767] [info] actor 00000014 (123): 3 piece(s), 1 recipe(s) applied
[15:30:16.768] [info] apply armor 000FE300 actor FF00095A geometry 'TorsoLow:0' material=private no shell
[15:30:16.768] [info] actor FF00095A (Faendal): 1 piece(s), 1 recipe(s) applied
[15:30:17.369] [info] actor 00000014: retired 1 recipe(s)
[15:30:17.369] [info] actor FF00095A: retired 1 recipe(s)
[15:30:17.369] [info] apply armor 000CF80F actor 00000014 geometry ' (00036198)[0]/ (000CF80F) [75%]' material=private shell (PBR copy, additive, skin cloned, buffers shared, emissive storage cloned, inflation own skin data (copied))
[15:30:17.370] [info] apply armor 000FE2FF actor 00000014 geometry 'TorsoLow:0' material=private no shell
[15:30:17.370] [info] apply armor 000FE2FF actor 00000014 geometry ' (00098BB3)[0]/ (000FE2FF) [75%]' material=private no shell
[15:30:17.370] [info]   recipe Skyrim-92DED: light on NPC Head [Head] x1.00
[15:30:17.370] [info] actor 00000014 (123): 3 piece(s), 2 recipe(s) applied
[15:30:17.370] [info] apply armor 000FE300 actor FF00095A geometry 'TorsoLow:0' material=private no shell
[15:30:17.370] [info] actor FF00095A (Faendal): 1 piece(s), 1 recipe(s) applied
[15:30:18.948] [info] kPreLoadGame
[15:30:18.948] [info] cleared 2 actor states
[15:30:19.688] [info] kPostLoadGame
[15:30:19.790] [info] apply armor 000CF80F actor 00000014 geometry ' (00036198)[0]/ (000CF80F) [75%]' material=private shell (PBR copy, additive, skin cloned, buffers shared, emissive storage cloned, inflation own skin data (copied))
[15:30:19.790] [info] apply armor 000FE2FF actor 00000014 geometry 'TorsoLow:0' material=private no shell
[15:30:19.791] [info] apply armor 000FE2FF actor 00000014 geometry ' (00098BB3)[0]/ (000FE2FF) [75%]' material=private no shell
[15:30:19.791] [info]   recipe Skyrim-92DED: light on NPC Head [Head] x1.00
[15:30:19.791] [info] actor 00000014 (123): 3 piece(s), 2 recipe(s) applied
[15:30:19.792] [info] apply armor 000FE300 actor FF00095A geometry 'TorsoLow:0' material=private no shell
[15:30:19.792] [info] actor FF00095A (Faendal): 1 piece(s), 1 recipe(s) applied
[15:30:26.359] [info] actor 00000014: retired 2 recipe(s)
[15:30:26.359] [info] actor FF00095A: retired 1 recipe(s)
[15:30:26.360] [info] apply armor 000CF80F actor 00000014 geometry ' (00036198)[0]/ (000CF80F) [75%]' material=untouched no shell
[15:30:26.360] [info] apply armor 000FE2FF actor 00000014 geometry 'TorsoLow:0' material=private no shell
[15:30:26.360] [info] apply armor 000FE2FF actor 00000014 geometry ' (00098BB3)[0]/ (000FE2FF) [75%]' material=private no shell
[15:30:26.360] [info] actor 00000014 (123): 3 piece(s), 1 recipe(s) applied
[15:30:26.360] [info] apply armor 000FE300 actor FF00095A geometry 'TorsoLow:0' material=private no shell
[15:30:26.360] [info] actor FF00095A (Faendal): 1 piece(s), 1 recipe(s) applied
[15:30:26.660] [info] actor 00000014: retired 1 recipe(s)
[15:30:26.660] [info] actor FF00095A: retired 1 recipe(s)
[15:30:26.661] [info] apply armor 000CF80F actor 00000014 geometry ' (00036198)[0]/ (000CF80F) [75%]' material=private shell (PBR copy, additive, skin cloned, buffers shared, emissive storage cloned, inflation own skin data (copied))
[15:30:26.661] [info] apply armor 000FE2FF actor 00000014 geometry 'TorsoLow:0' material=private no shell
[15:30:26.661] [info] apply armor 000FE2FF actor 00000014 geometry ' (00098BB3)[0]/ (000FE2FF) [75%]' material=private no shell
[15:30:26.661] [info]   recipe Skyrim-92DED: light on NPC Head [Head] x1.00
[15:30:26.661] [info] actor 00000014 (123): 3 piece(s), 2 recipe(s) applied
[15:30:26.661] [info] apply armor 000FE300 actor FF00095A geometry 'TorsoLow:0' material=private no shell
[15:30:26.661] [info] actor FF00095A (Faendal): 1 piece(s), 1 recipe(s) applied
[15:30:26.911] [info] actor 00000014: retired 2 recipe(s)
[15:30:26.911] [info] actor FF00095A: retired 1 recipe(s)
[15:30:26.912] [info] apply armor 000CF80F actor 00000014 geometry ' (00036198)[0]/ (000CF80F) [75%]' material=untouched no shell
[15:30:26.912] [info] apply armor 000FE2FF actor 00000014 geometry 'TorsoLow:0' material=private no shell
[15:30:26.912] [info] apply armor 000FE2FF actor 00000014 geometry ' (00098BB3)[0]/ (000FE2FF) [75%]' material=private no shell
[15:30:26.912] [info] actor 00000014 (123): 3 piece(s), 1 recipe(s) applied
[15:30:26.912] [info] apply armor 000FE300 actor FF00095A geometry 'TorsoLow:0' material=private no shell
[15:30:26.912] [info] actor FF00095A (Faendal): 1 piece(s), 1 recipe(s) applied
[15:30:27.062] [info] actor 00000014: retired 1 recipe(s)
[15:30:27.062] [info] actor FF00095A: retired 1 recipe(s)
[15:30:27.063] [info] apply armor 000CF80F actor 00000014 geometry ' (00036198)[0]/ (000CF80F) [75%]' material=private shell (PBR copy, additive, skin cloned, buffers shared, emissive storage cloned, inflation own skin data (copied))
[15:30:27.063] [info] apply armor 000FE2FF actor 00000014 geometry 'TorsoLow:0' material=private no shell
[15:30:27.063] [info] apply armor 000FE2FF actor 00000014 geometry ' (00098BB3)[0]/ (000FE2FF) [75%]' material=private no shell
[15:30:27.063] [info]   recipe Skyrim-92DED: light on NPC Head [Head] x1.00
[15:30:27.063] [info] actor 00000014 (123): 3 piece(s), 2 recipe(s) applied
[15:30:27.063] [info] apply armor 000FE300 actor FF00095A geometry 'TorsoLow:0' material=private no shell
[15:30:27.063] [info] actor FF00095A (Faendal): 1 piece(s), 1 recipe(s) applied
[15:30:27.212] [info] actor 00000014: retired 2 recipe(s)
[15:30:27.213] [info] actor FF00095A: retired 1 recipe(s)
[15:30:27.213] [info] apply armor 000CF80F actor 00000014 geometry ' (00036198)[0]/ (000CF80F) [75%]' material=untouched no shell
[15:30:27.213] [info] apply armor 000FE2FF actor 00000014 geometry 'TorsoLow:0' material=private no shell
[15:30:27.213] [info] apply armor 000FE2FF actor 00000014 geometry ' (00098BB3)[0]/ (000FE2FF) [75%]' material=private no shell
[15:30:27.213] [info] actor 00000014 (123): 3 piece(s), 1 recipe(s) applied
[15:30:27.213] [info] apply armor 000FE300 actor FF00095A geometry 'TorsoLow:0' material=private no shell
[15:30:27.213] [info] actor FF00095A (Faendal): 1 piece(s), 1 recipe(s) applied
[15:30:27.346] [info] actor 00000014: retired 1 recipe(s)
[15:30:27.346] [info] actor FF00095A: retired 1 recipe(s)
[15:30:27.347] [info] apply armor 000CF80F actor 00000014 geometry ' (00036198)[0]/ (000CF80F) [75%]' material=private shell (PBR copy, additive, skin cloned, buffers shared, emissive storage cloned, inflation own skin data (copied))
[15:30:27.347] [info] apply armor 000FE2FF actor 00000014 geometry 'TorsoLow:0' material=private no shell
[15:30:27.347] [info] apply armor 000FE2FF actor 00000014 geometry ' (00098BB3)[0]/ (000FE2FF) [75%]' material=private no shell
[15:30:27.347] [info]   recipe Skyrim-92DED: light on NPC Head [Head] x1.00
[15:30:27.347] [info] actor 00000014 (123): 3 piece(s), 2 recipe(s) applied
[15:30:27.348] [info] apply armor 000FE300 actor FF00095A geometry 'TorsoLow:0' material=private no shell
[15:30:27.348] [info] actor FF00095A (Faendal): 1 piece(s), 1 recipe(s) applied
[15:30:27.748] [info] actor 00000014: retired 2 recipe(s)
[15:30:27.748] [info] actor FF00095A: retired 1 recipe(s)
[15:30:27.749] [info] apply armor 000CF80F actor 00000014 geometry ' (00036198)[0]/ (000CF80F) [75%]' material=untouched no shell
[15:30:27.749] [info] apply armor 000FE2FF actor 00000014 geometry 'TorsoLow:0' material=private no shell
[15:30:27.749] [info] apply armor 000FE2FF actor 00000014 geometry ' (00098BB3)[0]/ (000FE2FF) [75%]' material=private no shell
[15:30:27.749] [info] actor 00000014 (123): 3 piece(s), 1 recipe(s) applied
[15:30:27.749] [info] apply armor 000FE300 actor FF00095A geometry 'TorsoLow:0' material=private no shell
[15:30:27.749] [info] actor FF00095A (Faendal): 1 piece(s), 1 recipe(s) applied
[15:30:29.757] [info] actor 00000014: retired 1 recipe(s)
[15:30:29.757] [info] actor FF00095A: retired 1 recipe(s)
[15:30:29.757] [info] apply armor 000CF80F actor 00000014 geometry ' (00036198)[0]/ (000CF80F) [75%]' material=private shell (PBR copy, additive, skin cloned, buffers shared, emissive storage cloned, inflation own skin data (copied))
[15:30:29.757] [info] apply armor 000FE2FF actor 00000014 geometry 'TorsoLow:0' material=private no shell
[15:30:29.758] [info] apply armor 000FE2FF actor 00000014 geometry ' (00098BB3)[0]/ (000FE2FF) [75%]' material=private no shell
[15:30:29.758] [info]   recipe Skyrim-92DED: light on NPC Head [Head] x1.00
[15:30:29.758] [info] actor 00000014 (123): 3 piece(s), 2 recipe(s) applied
[15:30:29.758] [info] apply armor 000FE300 actor FF00095A geometry 'TorsoLow:0' material=private no shell
[15:30:29.758] [info] actor FF00095A (Faendal): 1 piece(s), 1 recipe(s) applied
[15:30:30.059] [info] actor 00000014: retired 2 recipe(s)
[15:30:30.059] [info] actor FF00095A: retired 1 recipe(s)
[15:30:30.059] [info] apply armor 000CF80F actor 00000014 geometry ' (00036198)[0]/ (000CF80F) [75%]' material=untouched no shell
[15:30:30.059] [info] apply armor 000FE2FF actor 00000014 geometry 'TorsoLow:0' material=private no shell
[15:30:30.059] [info] apply armor 000FE2FF actor 00000014 geometry ' (00098BB3)[0]/ (000FE2FF) [75%]' material=private no shell
[15:30:30.059] [info] actor 00000014 (123): 3 piece(s), 1 recipe(s) applied
[15:30:30.059] [info] apply armor 000FE300 actor FF00095A geometry 'TorsoLow:0' material=private no shell
[15:30:30.059] [info] actor FF00095A (Faendal): 1 piece(s), 1 recipe(s) applied
[15:30:30.293] [info] actor 00000014: retired 1 recipe(s)
[15:30:30.293] [info] actor FF00095A: retired 1 recipe(s)
[15:30:30.293] [info] apply armor 000CF80F actor 00000014 geometry ' (00036198)[0]/ (000CF80F) [75%]' material=private shell (PBR copy, additive, skin cloned, buffers shared, emissive storage cloned, inflation own skin data (copied))
[15:30:30.294] [info] apply armor 000FE2FF actor 00000014 geometry 'TorsoLow:0' material=private no shell
[15:30:30.294] [info] apply armor 000FE2FF actor 00000014 geometry ' (00098BB3)[0]/ (000FE2FF) [75%]' material=private no shell
[15:30:30.294] [info]   recipe Skyrim-92DED: light on NPC Head [Head] x1.00
[15:30:30.294] [info] actor 00000014 (123): 3 piece(s), 2 recipe(s) applied
[15:30:30.294] [info] apply armor 000FE300 actor FF00095A geometry 'TorsoLow:0' material=private no shell
[15:30:30.294] [info] actor FF00095A (Faendal): 1 piece(s), 1 recipe(s) applied
[15:30:30.494] [info] actor 00000014: retired 2 recipe(s)
[15:30:30.494] [info] actor FF00095A: retired 1 recipe(s)
[15:30:30.494] [info] apply armor 000CF80F actor 00000014 geometry ' (00036198)[0]/ (000CF80F) [75%]' material=untouched no shell
[15:30:30.494] [info] apply armor 000FE2FF actor 00000014 geometry 'TorsoLow:0' material=private no shell
[15:30:30.494] [info] apply armor 000FE2FF actor 00000014 geometry ' (00098BB3)[0]/ (000FE2FF) [75%]' material=private no shell
[15:30:30.494] [info] actor 00000014 (123): 3 piece(s), 1 recipe(s) applied
[15:30:30.494] [info] apply armor 000FE300 actor FF00095A geometry 'TorsoLow:0' material=private no shell
[15:30:30.494] [info] actor FF00095A (Faendal): 1 piece(s), 1 recipe(s) applied
[15:30:30.644] [info] actor 00000014: retired 1 recipe(s)
[15:30:30.644] [info] actor FF00095A: retired 1 recipe(s)
[15:30:30.645] [info] apply armor 000CF80F actor 00000014 geometry ' (00036198)[0]/ (000CF80F) [75%]' material=private shell (PBR copy, additive, skin cloned, buffers shared, emissive storage cloned, inflation own skin data (copied))
[15:30:30.645] [info] apply armor 000FE2FF actor 00000014 geometry 'TorsoLow:0' material=private no shell
[15:30:30.645] [info] apply armor 000FE2FF actor 00000014 geometry ' (00098BB3)[0]/ (000FE2FF) [75%]' material=private no shell
[15:30:30.645] [info]   recipe Skyrim-92DED: light on NPC Head [Head] x1.00
[15:30:30.645] [info] actor 00000014 (123): 3 piece(s), 2 recipe(s) applied
[15:30:30.645] [info] apply armor 000FE300 actor FF00095A geometry 'TorsoLow:0' material=private no shell
[15:30:30.645] [info] actor FF00095A (Faendal): 1 piece(s), 1 recipe(s) applied
[15:30:30.795] [info] actor 00000014: retired 2 recipe(s)
[15:30:30.795] [info] actor FF00095A: retired 1 recipe(s)
[15:30:30.795] [info] apply armor 000CF80F actor 00000014 geometry ' (00036198)[0]/ (000CF80F) [75%]' material=untouched no shell
[15:30:30.795] [info] apply armor 000FE2FF actor 00000014 geometry 'TorsoLow:0' material=private no shell
[15:30:30.795] [info] apply armor 000FE2FF actor 00000014 geometry ' (00098BB3)[0]/ (000FE2FF) [75%]' material=private no shell
[15:30:30.795] [info] actor 00000014 (123): 3 piece(s), 1 recipe(s) applied
[15:30:30.795] [info] apply armor 000FE300 actor FF00095A geometry 'TorsoLow:0' material=private no shell
[15:30:30.795] [info] actor FF00095A (Faendal): 1 piece(s), 1 recipe(s) applied
[15:30:30.928] [info] actor 00000014: retired 1 recipe(s)
[15:30:30.929] [info] actor FF00095A: retired 1 recipe(s)
[15:30:30.929] [info] apply armor 000CF80F actor 00000014 geometry ' (00036198)[0]/ (000CF80F) [75%]' material=private shell (PBR copy, additive, skin cloned, buffers shared, emissive storage cloned, inflation own skin data (copied))
[15:30:30.929] [info] apply armor 000FE2FF actor 00000014 geometry 'TorsoLow:0' material=private no shell
[15:30:30.929] [info] apply armor 000FE2FF actor 00000014 geometry ' (00098BB3)[0]/ (000FE2FF) [75%]' material=private no shell
[15:30:30.929] [info]   recipe Skyrim-92DED: light on NPC Head [Head] x1.00
[15:30:30.929] [info] actor 00000014 (123): 3 piece(s), 2 recipe(s) applied
[15:30:30.929] [info] apply armor 000FE300 actor FF00095A geometry 'TorsoLow:0' material=private no shell
[15:30:30.929] [info] actor FF00095A (Faendal): 1 piece(s), 1 recipe(s) applied
[15:30:31.079] [info] actor 00000014: retired 2 recipe(s)
[15:30:31.079] [info] actor FF00095A: retired 1 recipe(s)
[15:30:31.079] [info] apply armor 000CF80F actor 00000014 geometry ' (00036198)[0]/ (000CF80F) [75%]' material=untouched no shell
[15:30:31.079] [info] apply armor 000FE2FF actor 00000014 geometry 'TorsoLow:0' material=private no shell
[15:30:31.079] [info] apply armor 000FE2FF actor 00000014 geometry ' (00098BB3)[0]/ (000FE2FF) [75%]' material=private no shell
[15:30:31.079] [info] actor 00000014 (123): 3 piece(s), 1 recipe(s) applied
[15:30:31.079] [info] apply armor 000FE300 actor FF00095A geometry 'TorsoLow:0' material=private no shell
[15:30:31.079] [info] actor FF00095A (Faendal): 1 piece(s), 1 recipe(s) applied
[15:30:31.246] [info] actor 00000014: retired 1 recipe(s)
[15:30:31.246] [info] actor FF00095A: retired 1 recipe(s)
[15:30:31.246] [info] apply armor 000CF80F actor 00000014 geometry ' (00036198)[0]/ (000CF80F) [75%]' material=private shell (PBR copy, additive, skin cloned, buffers shared, emissive storage cloned, inflation own skin data (copied))
[15:30:31.247] [info] apply armor 000FE2FF actor 00000014 geometry 'TorsoLow:0' material=private no shell
[15:30:31.247] [info] apply armor 000FE2FF actor 00000014 geometry ' (00098BB3)[0]/ (000FE2FF) [75%]' material=private no shell
[15:30:31.247] [info]   recipe Skyrim-92DED: light on NPC Head [Head] x1.00
[15:30:31.247] [info] actor 00000014 (123): 3 piece(s), 2 recipe(s) applied
[15:30:31.247] [info] apply armor 000FE300 actor FF00095A geometry 'TorsoLow:0' material=private no shell
[15:30:31.247] [info] actor FF00095A (Faendal): 1 piece(s), 1 recipe(s) applied
[15:30:31.664] [info] actor 00000014: retired 2 recipe(s)
[15:30:31.664] [info] actor FF00095A: retired 1 recipe(s)
[15:30:31.664] [info] apply armor 000CF80F actor 00000014 geometry ' (00036198)[0]/ (000CF80F) [75%]' material=untouched no shell
[15:30:31.664] [info] apply armor 000FE2FF actor 00000014 geometry 'TorsoLow:0' material=private no shell
[15:30:31.664] [info] apply armor 000FE2FF actor 00000014 geometry ' (00098BB3)[0]/ (000FE2FF) [75%]' material=private no shell
[15:30:31.664] [info] actor 00000014 (123): 3 piece(s), 1 recipe(s) applied
[15:30:31.664] [info] apply armor 000FE300 actor FF00095A geometry 'TorsoLow:0' material=private no shell
[15:30:31.664] [info] actor FF00095A (Faendal): 1 piece(s), 1 recipe(s) applied
[15:30:31.898] [info] actor 00000014: retired 1 recipe(s)
[15:30:31.898] [info] actor FF00095A: retired 1 recipe(s)
[15:30:31.899] [info] apply armor 000CF80F actor 00000014 geometry ' (00036198)[0]/ (000CF80F) [75%]' material=private shell (PBR copy, additive, skin cloned, buffers shared, emissive storage cloned, inflation own skin data (copied))
[15:30:31.899] [info] apply armor 000FE2FF actor 00000014 geometry 'TorsoLow:0' material=private no shell
[15:30:31.899] [info] apply armor 000FE2FF actor 00000014 geometry ' (00098BB3)[0]/ (000FE2FF) [75%]' material=private no shell
[15:30:31.899] [info]   recipe Skyrim-92DED: light on NPC Head [Head] x1.00
[15:30:31.899] [info] actor 00000014 (123): 3 piece(s), 2 recipe(s) applied
[15:30:31.899] [info] apply armor 000FE300 actor FF00095A geometry 'TorsoLow:0' material=private no shell
[15:30:31.899] [info] actor FF00095A (Faendal): 1 piece(s), 1 recipe(s) applied
[15:30:32.049] [info] actor 00000014: retired 2 recipe(s)
[15:30:32.049] [info] actor FF00095A: retired 1 recipe(s)
[15:30:32.049] [info] apply armor 000CF80F actor 00000014 geometry ' (00036198)[0]/ (000CF80F) [75%]' material=untouched no shell
[15:30:32.049] [info] apply armor 000FE2FF actor 00000014 geometry 'TorsoLow:0' material=private no shell
[15:30:32.049] [info] apply armor 000FE2FF actor 00000014 geometry ' (00098BB3)[0]/ (000FE2FF) [75%]' material=private no shell
[15:30:32.049] [info] actor 00000014 (123): 3 piece(s), 1 recipe(s) applied
[15:30:32.050] [info] apply armor 000FE300 actor FF00095A geometry 'TorsoLow:0' material=private no shell
[15:30:32.050] [info] actor FF00095A (Faendal): 1 piece(s), 1 recipe(s) applied
[15:30:32.183] [info] actor 00000014: retired 1 recipe(s)
[15:30:32.183] [info] actor FF00095A: retired 1 recipe(s)
[15:30:32.184] [info] apply armor 000CF80F actor 00000014 geometry ' (00036198)[0]/ (000CF80F) [75%]' material=private shell (PBR copy, additive, skin cloned, buffers shared, emissive storage cloned, inflation own skin data (copied))
[15:30:32.184] [info] apply armor 000FE2FF actor 00000014 geometry 'TorsoLow:0' material=private no shell
[15:30:32.184] [info] apply armor 000FE2FF actor 00000014 geometry ' (00098BB3)[0]/ (000FE2FF) [75%]' material=private no shell
[15:30:32.184] [info]   recipe Skyrim-92DED: light on NPC Head [Head] x1.00
[15:30:32.184] [info] actor 00000014 (123): 3 piece(s), 2 recipe(s) applied
[15:30:32.184] [info] apply armor 000FE300 actor FF00095A geometry 'TorsoLow:0' material=private no shell
[15:30:32.184] [info] actor FF00095A (Faendal): 1 piece(s), 1 recipe(s) applied
[15:30:32.635] [info] actor 00000014: retired 2 recipe(s)
[15:30:32.635] [info] actor FF00095A: retired 1 recipe(s)
[15:30:32.635] [info] apply armor 000CF80F actor 00000014 geometry ' (00036198)[0]/ (000CF80F) [75%]' material=untouched no shell
[15:30:32.635] [info] apply armor 000FE2FF actor 00000014 geometry 'TorsoLow:0' material=private no shell
[15:30:32.635] [info] apply armor 000FE2FF actor 00000014 geometry ' (00098BB3)[0]/ (000FE2FF) [75%]' material=private no shell
[15:30:32.636] [info] actor 00000014 (123): 3 piece(s), 1 recipe(s) applied
[15:30:32.636] [info] apply armor 000FE300 actor FF00095A geometry 'TorsoLow:0' material=private no shell
[15:30:32.636] [info] actor FF00095A (Faendal): 1 piece(s), 1 recipe(s) applied
[15:30:34.560] [info] actor 00000014: retired 1 recipe(s)
[15:30:34.560] [info] actor FF00095A: retired 1 recipe(s)
[15:30:34.560] [info] apply armor 000CF80F actor 00000014 geometry ' (00036198)[0]/ (000CF80F) [75%]' material=private shell (PBR copy, additive, skin cloned, buffers shared, emissive storage cloned, inflation own skin data (copied))
[15:30:34.560] [info] apply armor 000FE2FF actor 00000014 geometry 'TorsoLow:0' material=private no shell
[15:30:34.560] [info] apply armor 000FE2FF actor 00000014 geometry ' (00098BB3)[0]/ (000FE2FF) [75%]' material=private no shell
[15:30:34.560] [info]   recipe Skyrim-92DED: light on NPC Head [Head] x1.00
[15:30:34.560] [info] actor 00000014 (123): 3 piece(s), 2 recipe(s) applied
[15:30:34.561] [info] apply armor 000FE300 actor FF00095A geometry 'TorsoLow:0' material=private no shell
[15:30:34.561] [info] actor FF00095A (Faendal): 1 piece(s), 1 recipe(s) applied
[15:30:34.710] [info] actor 00000014: retired 2 recipe(s)
[15:30:34.710] [info] actor FF00095A: retired 1 recipe(s)
[15:30:34.710] [info] apply armor 000CF80F actor 00000014 geometry ' (00036198)[0]/ (000CF80F) [75%]' material=untouched no shell
[15:30:34.711] [info] apply armor 000FE2FF actor 00000014 geometry 'TorsoLow:0' material=private no shell
[15:30:34.711] [info] apply armor 000FE2FF actor 00000014 geometry ' (00098BB3)[0]/ (000FE2FF) [75%]' material=private no shell
[15:30:34.711] [info] actor 00000014 (123): 3 piece(s), 1 recipe(s) applied
[15:30:34.711] [info] apply armor 000FE300 actor FF00095A geometry 'TorsoLow:0' material=private no shell
[15:30:34.711] [info] actor FF00095A (Faendal): 1 piece(s), 1 recipe(s) applied
[15:30:34.861] [info] actor 00000014: retired 1 recipe(s)
[15:30:34.861] [info] actor FF00095A: retired 1 recipe(s)
[15:30:34.861] [info] apply armor 000CF80F actor 00000014 geometry ' (00036198)[0]/ (000CF80F) [75%]' material=private shell (PBR copy, additive, skin cloned, buffers shared, emissive storage cloned, inflation own skin data (copied))
[15:30:34.861] [info] apply armor 000FE2FF actor 00000014 geometry 'TorsoLow:0' material=private no shell
[15:30:34.861] [info] apply armor 000FE2FF actor 00000014 geometry ' (00098BB3)[0]/ (000FE2FF) [75%]' material=private no shell
[15:30:34.861] [info]   recipe Skyrim-92DED: light on NPC Head [Head] x1.00
[15:30:34.861] [info] actor 00000014 (123): 3 piece(s), 2 recipe(s) applied
[15:30:34.861] [info] apply armor 000FE300 actor FF00095A geometry 'TorsoLow:0' material=private no shell
[15:30:34.861] [info] actor FF00095A (Faendal): 1 piece(s), 1 recipe(s) applied
[15:30:35.045] [info] actor 00000014: retired 2 recipe(s)
[15:30:35.045] [info] actor FF00095A: retired 1 recipe(s)
[15:30:35.045] [info] apply armor 000CF80F actor 00000014 geometry ' (00036198)[0]/ (000CF80F) [75%]' material=untouched no shell
[15:30:35.045] [info] apply armor 000FE2FF actor 00000014 geometry 'TorsoLow:0' material=private no shell
[15:30:35.045] [info] apply armor 000FE2FF actor 00000014 geometry ' (00098BB3)[0]/ (000FE2FF) [75%]' material=private no shell
[15:30:35.045] [info] actor 00000014 (123): 3 piece(s), 1 recipe(s) applied
[15:30:35.045] [info] apply armor 000FE300 actor FF00095A geometry 'TorsoLow:0' material=private no shell
[15:30:35.045] [info] actor FF00095A (Faendal): 1 piece(s), 1 recipe(s) applied
[15:31:37.003] [info] actor 00000014: retired 1 recipe(s)
[15:31:37.003] [info] actor FF00095A: retired 1 recipe(s)
[15:31:37.004] [info] apply armor 000CF80F actor 00000014 geometry ' (00036198)[0]/ (000CF80F) [75%]' material=private shell (PBR copy, additive, skin cloned, buffers shared, emissive storage cloned, inflation own skin data (copied))
[15:31:37.004] [info] apply armor 000FE2FF actor 00000014 geometry 'TorsoLow:0' material=private no shell
[15:31:37.004] [info] apply armor 000FE2FF actor 00000014 geometry ' (00098BB3)[0]/ (000FE2FF) [75%]' material=private no shell
[15:31:37.004] [info]   recipe Skyrim-92DED: light on NPC Head [Head] x1.00
[15:31:37.004] [info] actor 00000014 (123): 3 piece(s), 2 recipe(s) applied
[15:31:37.004] [info] apply armor 000FE300 actor FF00095A geometry 'TorsoLow:0' material=private no shell
[15:31:37.004] [info] actor FF00095A (Faendal): 1 piece(s), 1 recipe(s) applied
[15:31:43.165] [info] actor 00000014: retired 2 recipe(s)
[15:31:43.165] [info] actor FF00095A: retired 1 recipe(s)
[15:31:43.165] [info] apply armor 000CF80F actor 00000014 geometry ' (00036198)[0]/ (000CF80F) [75%]' material=untouched no shell
[15:31:43.165] [info] apply armor 000FE2FF actor 00000014 geometry 'TorsoLow:0' material=private no shell
[15:31:43.165] [info] apply armor 000FE2FF actor 00000014 geometry ' (00098BB3)[0]/ (000FE2FF) [75%]' material=private no shell
[15:31:43.165] [info] actor 00000014 (123): 3 piece(s), 1 recipe(s) applied
[15:31:43.165] [info] apply armor 000FE300 actor FF00095A geometry 'TorsoLow:0' material=private no shell
[15:31:43.165] [info] actor FF00095A (Faendal): 1 piece(s), 1 recipe(s) applied
[15:31:49.006] [info] actor 00000014: retired 1 recipe(s)
[15:31:49.006] [info] actor FF00095A: retired 1 recipe(s)
[15:31:49.006] [info] apply armor 000CF80F actor 00000014 geometry ' (00036198)[0]/ (000CF80F) [75%]' material=private shell (PBR copy, additive, skin cloned, buffers shared, emissive storage cloned, inflation own skin data (copied))
[15:31:49.007] [info] apply armor 000FE2FF actor 00000014 geometry 'TorsoLow:0' material=private no shell
[15:31:49.007] [info] apply armor 000FE2FF actor 00000014 geometry ' (00098BB3)[0]/ (000FE2FF) [75%]' material=private no shell
[15:31:49.007] [info]   recipe Skyrim-92DED: light on NPC Head [Head] x1.00
[15:31:49.007] [info] actor 00000014 (123): 3 piece(s), 2 recipe(s) applied
[15:31:49.007] [info] apply armor 000FE300 actor FF00095A geometry 'TorsoLow:0' material=private no shell
[15:31:49.007] [info] actor FF00095A (Faendal): 1 piece(s), 1 recipe(s) applied
[15:31:55.942] [info] actor 00000014: retired 2 recipe(s)
[15:31:55.942] [info] actor FF00095A: retired 1 recipe(s)
[15:31:55.942] [info] apply armor 000CF80F actor 00000014 geometry ' (00036198)[0]/ (000CF80F) [75%]' material=private shell (PBR copy, additive, skin cloned, buffers shared, emissive storage cloned, inflation own skin data (copied))
[15:31:55.942] [info] apply armor 000FE2FF actor 00000014 geometry 'TorsoLow:0' material=untouched no shell
[15:31:55.942] [info] apply armor 000FE2FF actor 00000014 geometry ' (00098BB3)[0]/ (000FE2FF) [75%]' material=untouched no shell
[15:31:55.942] [info]   recipe Skyrim-92DED: light on NPC Head [Head] x1.00
[15:31:55.942] [info] actor 00000014 (123): 3 piece(s), 1 recipe(s) applied
[15:31:56.309] [info] actor 00000014: retired 1 recipe(s)
[15:31:56.310] [info] apply armor 000CF80F actor 00000014 geometry ' (00036198)[0]/ (000CF80F) [75%]' material=private shell (PBR copy, additive, skin cloned, buffers shared, emissive storage cloned, inflation own skin data (copied))
[15:31:56.310] [info] apply armor 000FE2FF actor 00000014 geometry 'TorsoLow:0' material=private no shell
[15:31:56.310] [info] apply armor 000FE2FF actor 00000014 geometry ' (00098BB3)[0]/ (000FE2FF) [75%]' material=private no shell
[15:31:56.310] [info]   recipe Skyrim-92DED: light on NPC Head [Head] x1.00
[15:31:56.310] [info] actor 00000014 (123): 3 piece(s), 2 recipe(s) applied
[15:31:56.310] [info] apply armor 000FE300 actor FF00095A geometry 'TorsoLow:0' material=private no shell
[15:31:56.310] [info] actor FF00095A (Faendal): 1 piece(s), 1 recipe(s) applied
[15:31:56.710] [info] actor 00000014: retired 2 recipe(s)
[15:31:56.710] [info] actor FF00095A: retired 1 recipe(s)
[15:31:56.711] [info] apply armor 000CF80F actor 00000014 geometry ' (00036198)[0]/ (000CF80F) [75%]' material=private shell (PBR copy, additive, skin cloned, buffers shared, emissive storage cloned, inflation own skin data (copied))
[15:31:56.711] [info] apply armor 000FE2FF actor 00000014 geometry 'TorsoLow:0' material=untouched no shell
[15:31:56.711] [info] apply armor 000FE2FF actor 00000014 geometry ' (00098BB3)[0]/ (000FE2FF) [75%]' material=untouched no shell
[15:31:56.711] [info]   recipe Skyrim-92DED: light on NPC Head [Head] x1.00
[15:31:56.711] [info] actor 00000014 (123): 3 piece(s), 1 recipe(s) applied
[15:31:59.216] [info] actor 00000014: retired 1 recipe(s)
[15:31:59.216] [info] apply armor 000CF80F actor 00000014 geometry ' (00036198)[0]/ (000CF80F) [75%]' material=private shell (PBR copy, additive, skin cloned, buffers shared, emissive storage cloned, inflation own skin data (copied))
[15:31:59.217] [info] apply armor 000FE2FF actor 00000014 geometry 'TorsoLow:0' material=private no shell
[15:31:59.217] [info] apply armor 000FE2FF actor 00000014 geometry ' (00098BB3)[0]/ (000FE2FF) [75%]' material=private no shell
[15:31:59.217] [info]   recipe Skyrim-92DED: light on NPC Head [Head] x1.00
[15:31:59.217] [info] actor 00000014 (123): 3 piece(s), 2 recipe(s) applied
[15:31:59.217] [info] apply armor 000FE300 actor FF00095A geometry 'TorsoLow:0' material=private no shell
[15:31:59.217] [info] actor FF00095A (Faendal): 1 piece(s), 1 recipe(s) applied
[15:32:02.225] [info] actor 00000014: retired 2 recipe(s)
[15:32:02.225] [info] actor FF00095A: retired 1 recipe(s)
[15:32:02.225] [info] apply armor 000CF80F actor 00000014 geometry ' (00036198)[0]/ (000CF80F) [75%]' material=private shell (PBR copy, additive, skin cloned, buffers shared, emissive storage cloned, inflation own skin data (copied))
[15:32:02.225] [info] apply armor 000FE2FF actor 00000014 geometry 'TorsoLow:0' material=untouched no shell
[15:32:02.225] [info] apply armor 000FE2FF actor 00000014 geometry ' (00098BB3)[0]/ (000FE2FF) [75%]' material=untouched no shell
[15:32:02.225] [info]   recipe Skyrim-92DED: light on NPC Head [Head] x1.00
[15:32:02.225] [info] actor 00000014 (123): 3 piece(s), 1 recipe(s) applied
[15:32:02.726] [info] actor 00000014: retired 1 recipe(s)
[15:32:02.726] [info] apply armor 000CF80F actor 00000014 geometry ' (00036198)[0]/ (000CF80F) [75%]' material=private shell (PBR copy, additive, skin cloned, buffers shared, emissive storage cloned, inflation own skin data (copied))
[15:32:02.726] [info] apply armor 000FE2FF actor 00000014 geometry 'TorsoLow:0' material=private no shell
[15:32:02.727] [info] apply armor 000FE2FF actor 00000014 geometry ' (00098BB3)[0]/ (000FE2FF) [75%]' material=private no shell
[15:32:02.727] [info]   recipe Skyrim-92DED: light on NPC Head [Head] x1.00
[15:32:02.727] [info] actor 00000014 (123): 3 piece(s), 2 recipe(s) applied
[15:32:02.727] [info] apply armor 000FE300 actor FF00095A geometry 'TorsoLow:0' material=private no shell
[15:32:02.727] [info] actor FF00095A (Faendal): 1 piece(s), 1 recipe(s) applied
[15:32:03.209] [info] actor 00000014: retired 2 recipe(s)
[15:32:03.210] [info] actor FF00095A: retired 1 recipe(s)
[15:32:03.210] [info] apply armor 000CF80F actor 00000014 geometry ' (00036198)[0]/ (000CF80F) [75%]' material=private shell (PBR copy, additive, skin cloned, buffers shared, emissive storage cloned, inflation own skin data (copied))
[15:32:03.210] [info] apply armor 000FE2FF actor 00000014 geometry 'TorsoLow:0' material=untouched no shell
[15:32:03.210] [info] apply armor 000FE2FF actor 00000014 geometry ' (00098BB3)[0]/ (000FE2FF) [75%]' material=untouched no shell
[15:32:03.210] [info]   recipe Skyrim-92DED: light on NPC Head [Head] x1.00
[15:32:03.210] [info] actor 00000014 (123): 3 piece(s), 1 recipe(s) applied
[15:32:04.696] [info] actor 00000014: retired 1 recipe(s)
[15:32:04.696] [info] apply armor 000CF80F actor 00000014 geometry ' (00036198)[0]/ (000CF80F) [75%]' material=private shell (PBR copy, additive, skin cloned, buffers shared, emissive storage cloned, inflation own skin data (copied))
[15:32:04.696] [info] apply armor 000FE2FF actor 00000014 geometry 'TorsoLow:0' material=private no shell
[15:32:04.697] [info] apply armor 000FE2FF actor 00000014 geometry ' (00098BB3)[0]/ (000FE2FF) [75%]' material=private no shell
[15:32:04.697] [info]   recipe Skyrim-92DED: light on NPC Head [Head] x1.00
[15:32:04.697] [info] actor 00000014 (123): 3 piece(s), 2 recipe(s) applied
[15:32:04.697] [info] apply armor 000FE300 actor FF00095A geometry 'TorsoLow:0' material=private no shell
[15:32:04.697] [info] actor FF00095A (Faendal): 1 piece(s), 1 recipe(s) applied
[15:32:07.002] [info] actor 00000014: retired 2 recipe(s)
[15:32:07.002] [info] actor FF00095A: retired 1 recipe(s)
[15:32:07.002] [info] apply armor 000CF80F actor 00000014 geometry ' (00036198)[0]/ (000CF80F) [75%]' material=untouched no shell
[15:32:07.002] [info] apply armor 000FE2FF actor 00000014 geometry 'TorsoLow:0' material=private no shell
[15:32:07.002] [info] apply armor 000FE2FF actor 00000014 geometry ' (00098BB3)[0]/ (000FE2FF) [75%]' material=private no shell
[15:32:07.002] [info] actor 00000014 (123): 3 piece(s), 1 recipe(s) applied
[15:32:07.002] [info] apply armor 000FE300 actor FF00095A geometry 'TorsoLow:0' material=private no shell
[15:32:07.002] [info] actor FF00095A (Faendal): 1 piece(s), 1 recipe(s) applied
[15:32:22.226] [info] actor 00000014: retired 1 recipe(s)
[15:32:22.226] [info] actor FF00095A: retired 1 recipe(s)
[15:32:22.226] [info] apply armor 000CF80F actor 00000014 geometry ' (00036198)[0]/ (000CF80F) [75%]' material=private shell (PBR copy, additive, skin cloned, buffers shared, emissive storage cloned, inflation own skin data (copied))
[15:32:22.226] [info] apply armor 000FE2FF actor 00000014 geometry 'TorsoLow:0' material=private no shell
[15:32:22.226] [info] apply armor 000FE2FF actor 00000014 geometry ' (00098BB3)[0]/ (000FE2FF) [75%]' material=private no shell
[15:32:22.226] [info]   recipe Skyrim-92DED: light on NPC Head [Head] x1.00
[15:32:22.226] [info] actor 00000014 (123): 3 piece(s), 2 recipe(s) applied
[15:32:22.227] [info] apply armor 000FE300 actor FF00095A geometry 'TorsoLow:0' material=private no shell
[15:32:22.227] [info] actor FF00095A (Faendal): 1 piece(s), 1 recipe(s) applied
[15:32:23.486] [info] kPreLoadGame
[15:32:23.486] [info] cleared 2 actor states
[15:32:24.267] [info] kPostLoadGame
[15:32:24.367] [info] apply armor 000CF80F actor 00000014 geometry ' (00036198)[0]/ (000CF80F) [75%]' material=private shell (PBR copy, additive, skin cloned, buffers shared, emissive storage cloned, inflation own skin data (copied))
[15:32:24.367] [info] apply armor 000FE2FF actor 00000014 geometry 'TorsoLow:0' material=private no shell
[15:32:24.368] [info] apply armor 000FE2FF actor 00000014 geometry ' (00098BB3)[0]/ (000FE2FF) [75%]' material=private no shell
[15:32:24.368] [info]   recipe Skyrim-92DED: light on NPC Head [Head] x1.00
[15:32:24.368] [info] actor 00000014 (123): 3 piece(s), 2 recipe(s) applied
[15:32:24.368] [info] apply armor 000FE300 actor FF00095A geometry 'TorsoLow:0' material=private no shell
[15:32:24.368] [info] actor FF00095A (Faendal): 1 piece(s), 1 recipe(s) applied
[15:33:00.214] [info] actor 00000014: retired 2 recipe(s)
[15:33:00.215] [info] actor FF00095A: retired 1 recipe(s)
[15:33:01.284] [info] apply armor 000CF80F actor 00000014 geometry ' (00036198)[0]/ (000CF80F) [75%]' material=private shell (PBR copy, additive, skin cloned, buffers shared, emissive storage cloned, inflation own skin data (copied))
[15:33:01.284] [info] apply armor 000FE2FF actor 00000014 geometry 'TorsoLow:0' material=private no shell
[15:33:01.284] [info] apply armor 000FE2FF actor 00000014 geometry ' (00098BB3)[0]/ (000FE2FF) [75%]' material=private no shell
[15:33:01.284] [info]   recipe Skyrim-92DED: light on NPC Head [Head] x1.00
[15:33:01.284] [info] actor 00000014 (123): 3 piece(s), 2 recipe(s) applied
[15:33:01.285] [info] apply armor 000FE300 actor FF00095A geometry 'TorsoLow:0' material=private no shell
[15:33:01.285] [info] actor FF00095A (Faendal): 1 piece(s), 1 recipe(s) applied
[15:33:12.457] [info] actor 00000014: retired 2 recipe(s)
[15:33:12.457] [info] actor FF00095A: retired 1 recipe(s)
[15:33:16.555] [info] apply armor 000CF80F actor 00000014 geometry ' (00036198)[0]/ (000CF80F) [75%]' material=private shell (PBR copy, additive, skin cloned, buffers shared, emissive storage cloned, inflation own skin data (copied))
[15:33:16.555] [info] apply armor 000FE2FF actor 00000014 geometry 'TorsoLow:0' material=private no shell
[15:33:16.555] [info] apply armor 000FE2FF actor 00000014 geometry ' (00098BB3)[0]/ (000FE2FF) [75%]' material=private no shell
[15:33:16.555] [info]   recipe Skyrim-92DED: light on NPC Head [Head] x1.00
[15:33:16.555] [info] actor 00000014 (123): 3 piece(s), 2 recipe(s) applied
[15:33:16.555] [info] apply armor 000FE300 actor FF00095A geometry 'TorsoLow:0' material=private no shell
[15:33:16.555] [info] actor FF00095A (Faendal): 1 piece(s), 1 recipe(s) applied
[15:34:09.217] [info] actor 00000014: retired 2 recipe(s)
[15:34:09.217] [info] actor FF00095A: retired 1 recipe(s)
[15:34:09.218] [info] apply armor 000CF80F actor 00000014 geometry ' (00036198)[0]/ (000CF80F) [75%]' material=private shell (PBR copy, additive, skin cloned, buffers shared, emissive storage cloned, inflation own skin data (copied))
[15:34:09.219] [info] apply armor 000FE2FF actor 00000014 geometry 'TorsoLow:0' material=private no shell
[15:34:09.219] [info] apply armor 000FE2FF actor 00000014 geometry ' (00098BB3)[0]/ (000FE2FF) [75%]' material=private no shell
[15:34:09.219] [info]   recipe Skyrim-92DED: light on NPC Head [Head] x1.00
[15:34:09.219] [info] actor 00000014 (123): 3 piece(s), 2 recipe(s) applied
[15:34:09.220] [info] apply armor 000FE300 actor FF00095A geometry 'TorsoLow:0' material=private no shell
[15:34:09.220] [info] actor FF00095A (Faendal): 1 piece(s), 1 recipe(s) applied
[15:34:10.704] [info] actor 00000014: retired 2 recipe(s)
[15:34:10.704] [info] actor FF00095A: retired 1 recipe(s)
[15:34:10.704] [info] apply armor 000CF80F actor 00000014 geometry ' (00036198)[0]/ (000CF80F) [75%]' material=private shell (PBR copy, additive, skin cloned, buffers shared, emissive storage cloned, inflation own skin data (copied))
[15:34:10.705] [info] apply armor 000FE2FF actor 00000014 geometry 'TorsoLow:0' material=private no shell
[15:34:10.705] [info] apply armor 000FE2FF actor 00000014 geometry ' (00098BB3)[0]/ (000FE2FF) [75%]' material=private no shell
[15:34:10.705] [info]   recipe Skyrim-92DED: light on NPC Head [Head] x1.00
[15:34:10.705] [info] actor 00000014 (123): 3 piece(s), 2 recipe(s) applied
[15:34:10.705] [info] apply armor 000FE300 actor FF00095A geometry 'TorsoLow:0' material=private no shell
[15:34:10.705] [info] actor FF00095A (Faendal): 1 piece(s), 1 recipe(s) applied
[15:34:11.957] [info] actor 00000014: retired 2 recipe(s)
[15:34:11.957] [info] actor FF00095A: retired 1 recipe(s)
[15:34:11.957] [info] apply armor 000CF80F actor 00000014 geometry ' (00036198)[0]/ (000CF80F) [75%]' material=private shell (PBR copy, additive, skin cloned, buffers shared, emissive storage cloned, inflation own skin data (copied))
[15:34:11.957] [info] apply armor 000FE2FF actor 00000014 geometry 'TorsoLow:0' material=private no shell
[15:34:11.958] [info] apply armor 000FE2FF actor 00000014 geometry ' (00098BB3)[0]/ (000FE2FF) [75%]' material=private no shell
[15:34:11.958] [info]   recipe Skyrim-92DED: light on NPC Head [Head] x1.00
[15:34:11.958] [info] actor 00000014 (123): 3 piece(s), 2 recipe(s) applied
[15:34:11.958] [info] apply armor 000FE300 actor FF00095A geometry 'TorsoLow:0' material=private no shell
[15:34:11.958] [info] actor FF00095A (Faendal): 1 piece(s), 1 recipe(s) applied
[15:34:13.560] [info] actor 00000014: retired 2 recipe(s)
[15:34:13.560] [info] actor FF00095A: retired 1 recipe(s)
[15:34:13.560] [info] apply armor 000CF80F actor 00000014 geometry ' (00036198)[0]/ (000CF80F) [75%]' material=private shell (PBR copy, additive, skin cloned, buffers shared, emissive storage cloned, inflation own skin data (copied))
[15:34:13.560] [info] apply armor 000FE2FF actor 00000014 geometry 'TorsoLow:0' material=private no shell
[15:34:13.560] [info] apply armor 000FE2FF actor 00000014 geometry ' (00098BB3)[0]/ (000FE2FF) [75%]' material=private no shell
[15:34:13.560] [info]   recipe Skyrim-92DED: light on NPC Head [Head] x1.00
[15:34:13.560] [info] actor 00000014 (123): 3 piece(s), 2 recipe(s) applied
[15:34:13.561] [info] apply armor 000FE300 actor FF00095A geometry 'TorsoLow:0' material=private no shell
[15:34:13.561] [info] actor FF00095A (Faendal): 1 piece(s), 1 recipe(s) applied
[15:34:17.889] [info] actor 00000014: retired 2 recipe(s)
[15:34:17.889] [info] actor FF00095A: retired 1 recipe(s)
[15:34:17.890] [info] apply armor 000CF80F actor 00000014 geometry ' (00036198)[0]/ (000CF80F) [75%]' material=private shell (PBR copy, additive, skin cloned, buffers shared, emissive storage cloned, inflation own skin data (copied))
[15:34:17.890] [info] apply armor 000FE2FF actor 00000014 geometry 'TorsoLow:0' material=private no shell
[15:34:17.890] [info] apply armor 000FE2FF actor 00000014 geometry ' (00098BB3)[0]/ (000FE2FF) [75%]' material=private no shell
[15:34:17.890] [info]   recipe Skyrim-92DED: light on NPC Head [Head] x1.00
[15:34:17.890] [info] actor 00000014 (123): 3 piece(s), 2 recipe(s) applied
[15:34:17.890] [info] apply armor 000FE300 actor FF00095A geometry 'TorsoLow:0' material=private no shell
[15:34:17.890] [info] actor FF00095A (Faendal): 1 piece(s), 1 recipe(s) applied
[15:34:42.776] [info] actor 00000014: retired 2 recipe(s)
[15:34:42.776] [info] actor FF00095A: retired 1 recipe(s)
[15:34:47.306] [info] apply armor 000CF80F actor 00000014 geometry ' (00036198)[0]/ (000CF80F) [75%]' material=private shell (PBR copy, additive, skin cloned, buffers shared, emissive storage cloned, inflation own skin data (copied))
[15:34:47.307] [info] apply armor 000FE2FF actor 00000014 geometry 'TorsoLow:0' material=private no shell
[15:34:47.307] [info] apply armor 000FE2FF actor 00000014 geometry ' (00098BB3)[0]/ (000FE2FF) [75%]' material=private no shell
[15:34:47.307] [info]   recipe Skyrim-92DED: light on NPC Head [Head] x1.00
[15:34:47.307] [info] actor 00000014 (123): 3 piece(s), 2 recipe(s) applied
[15:34:47.307] [info] apply armor 000FE300 actor FF00095A geometry 'TorsoLow:0' material=private no shell
[15:34:47.307] [info] actor FF00095A (Faendal): 1 piece(s), 1 recipe(s) applied
[15:34:48.476] [info] actor 00000014: retired 2 recipe(s)
[15:34:48.476] [info] actor FF00095A: retired 1 recipe(s)
[15:34:48.476] [info] apply armor 000CF80F actor 00000014 geometry ' (00036198)[0]/ (000CF80F) [75%]' material=private shell (PBR copy, additive, skin cloned, buffers shared, emissive storage cloned, inflation own skin data (copied))
[15:34:48.476] [info] apply armor 000FE2FF actor 00000014 geometry 'TorsoLow:0' material=private no shell
[15:34:48.477] [info] apply armor 000FE2FF actor 00000014 geometry ' (00098BB3)[0]/ (000FE2FF) [75%]' material=private no shell
[15:34:48.477] [info]   recipe Skyrim-92DED: light on NPC Head [Head] x1.00
[15:34:48.477] [info] actor 00000014 (123): 3 piece(s), 2 recipe(s) applied
[15:34:48.477] [info] apply armor 000FE300 actor FF00095A geometry 'TorsoLow:0' material=private no shell
[15:34:48.477] [info] actor FF00095A (Faendal): 1 piece(s), 1 recipe(s) applied
[15:34:50.633] [info] actor 00000014: retired 2 recipe(s)
[15:34:50.633] [info] actor FF00095A: retired 1 recipe(s)
[15:34:50.934] [info] apply armor 000CF80F actor 00000014 geometry ' (00036198)[0]/ (000CF80F) [75%]' material=private shell (PBR copy, additive, skin cloned, buffers shared, emissive storage cloned, inflation own skin data (copied))
[15:34:50.934] [info] apply armor 000FE2FF actor 00000014 geometry 'TorsoLow:0' material=private no shell
[15:34:50.934] [info] apply armor 000FE2FF actor 00000014 geometry ' (00098BB3)[0]/ (000FE2FF) [75%]' material=private no shell
[15:34:50.934] [info]   recipe Skyrim-92DED: light on NPC Head [Head] x1.00
[15:34:50.934] [info] actor 00000014 (123): 3 piece(s), 2 recipe(s) applied
[15:34:50.935] [info] apply armor 000FE300 actor FF00095A geometry 'TorsoLow:0' material=private no shell
[15:34:50.935] [info] actor FF00095A (Faendal): 1 piece(s), 1 recipe(s) applied
[15:34:56.873] [info] kPreLoadGame
[15:34:56.874] [info] cleared 2 actor states
[15:34:57.542] [info] kPostLoadGame
[15:34:57.631] [info] apply armor 000CF80F actor 00000014 geometry ' (00036198)[0]/ (000CF80F) [75%]' material=private shell (PBR copy, additive, skin cloned, buffers shared, emissive storage cloned, inflation own skin data (copied))
[15:34:57.632] [info] apply armor 000FE2FF actor 00000014 geometry 'TorsoLow:0' material=private no shell
[15:34:57.632] [info] apply armor 000FE2FF actor 00000014 geometry ' (00098BB3)[0]/ (000FE2FF) [75%]' material=private no shell
[15:34:57.632] [info]   recipe Skyrim-92DED: light on NPC Head [Head] x1.00
[15:34:57.632] [info] actor 00000014 (123): 3 piece(s), 2 recipe(s) applied
[15:34:57.633] [info] apply armor 000FE300 actor FF00095A geometry 'TorsoLow:0' material=private no shell
[15:34:57.633] [info] actor FF00095A (Faendal): 1 piece(s), 1 recipe(s) applied
[15:36:20.483] [info] actor 00000014: retired 2 recipe(s)
[15:36:20.483] [info] actor FF00095A: retired 1 recipe(s)
[15:36:20.483] [info] pin: Skyrim-1F03A shown on armor 000FE2FF of actor 00000014 (3rd) while viewed
[15:36:20.484] [info] apply armor 000CF80F actor 00000014 geometry ' (00036198)[0]/ (000CF80F) [75%]' material=private shell (PBR copy, additive, skin cloned, buffers shared, emissive storage cloned, inflation own skin data (copied))
[15:36:20.486] [info] apply armor 000FE2FF actor 00000014 geometry 'TorsoLow:0' material=private shell (PBR copy, additive, skin cloned, buffers shared, emissive storage cloned, inflation own skin data (copied))
[15:36:20.486] [info] apply armor 000FE2FF actor 00000014 geometry ' (00098BB3)[0]/ (000FE2FF) [75%]' material=private no shell
[15:36:20.486] [info]   recipe Skyrim-1F03A: light on NPC Spine2 [Spn2] x1.00, NPC Pelvis [Pelv] x0.56
[15:36:20.486] [info]   recipe Skyrim-92DED: light on NPC Head [Head] x1.00
[15:36:20.486] [info] actor 00000014 (123): 3 piece(s), 3 recipe(s) applied
[15:36:20.487] [info] apply armor 000FE300 actor FF00095A geometry 'TorsoLow:0' material=private no shell
[15:36:20.487] [info] actor FF00095A (Faendal): 1 piece(s), 1 recipe(s) applied
[15:36:23.676] [info] actor 00000014: retired 3 recipe(s)
[15:36:23.676] [info] actor FF00095A: retired 1 recipe(s)
[15:36:23.676] [info] pin: Skyrim-92DE8 shown on armor 000FE2FF of actor 00000014 (3rd) while viewed
[15:36:23.677] [info] apply armor 000CF80F actor 00000014 geometry ' (00036198)[0]/ (000CF80F) [75%]' material=private shell (PBR copy, additive, skin cloned, buffers shared, emissive storage cloned, inflation own skin data (copied))
[15:36:23.678] [info] apply armor 000FE2FF actor 00000014 geometry 'TorsoLow:0' material=private shell (PBR copy, additive, skin cloned, buffers shared, emissive storage cloned, inflation own skin data (copied))
[15:36:23.678] [info] apply armor 000FE2FF actor 00000014 geometry ' (00098BB3)[0]/ (000FE2FF) [75%]' material=private no shell
[15:36:23.678] [info]   recipe Skyrim-92DE8: light on NPC Spine2 [Spn2] x1.00, NPC Pelvis [Pelv] x0.56
[15:36:23.678] [info]   recipe Skyrim-92DED: light on NPC Head [Head] x1.00
[15:36:23.678] [info] actor 00000014 (123): 3 piece(s), 3 recipe(s) applied
[15:36:23.679] [info] apply armor 000FE300 actor FF00095A geometry 'TorsoLow:0' material=private no shell
[15:36:23.679] [info] actor FF00095A (Faendal): 1 piece(s), 1 recipe(s) applied
[15:36:27.387] [info] actor 00000014: retired 3 recipe(s)
[15:36:27.387] [info] actor FF00095A: retired 1 recipe(s)
[15:36:27.387] [info] pin: cleared
[15:36:27.387] [info] apply armor 000CF80F actor 00000014 geometry ' (00036198)[0]/ (000CF80F) [75%]' material=private shell (PBR copy, additive, skin cloned, buffers shared, emissive storage cloned, inflation own skin data (copied))
[15:36:27.388] [info] apply armor 000FE2FF actor 00000014 geometry 'TorsoLow:0' material=private no shell
[15:36:27.388] [info] apply armor 000FE2FF actor 00000014 geometry ' (00098BB3)[0]/ (000FE2FF) [75%]' material=private no shell
[15:36:27.388] [info]   recipe Skyrim-92DED: light on NPC Head [Head] x1.00
[15:36:27.388] [info] actor 00000014 (123): 3 piece(s), 2 recipe(s) applied
[15:36:27.388] [info] apply armor 000FE300 actor FF00095A geometry 'TorsoLow:0' material=private no shell
[15:36:27.388] [info] actor FF00095A (Faendal): 1 piece(s), 1 recipe(s) applied
[15:36:30.160] [info] actor 00000014: retired 2 recipe(s)
[15:36:30.160] [info] actor FF00095A: retired 1 recipe(s)
[15:36:30.160] [info] pin: Skyrim-92DED shown on armor 000FE2FF of actor 00000014 (3rd) while viewed
[15:36:30.161] [info] apply armor 000CF80F actor 00000014 geometry ' (00036198)[0]/ (000CF80F) [75%]' material=private shell (PBR copy, additive, skin cloned, buffers shared, emissive storage cloned, inflation own skin data (copied))
[15:36:30.161] [info] apply armor 000FE2FF actor 00000014 geometry 'TorsoLow:0' material=private shell (PBR copy, additive, skin cloned, buffers shared, emissive storage cloned, inflation own skin data (copied))
[15:36:30.161] [info] apply armor 000FE2FF actor 00000014 geometry ' (00098BB3)[0]/ (000FE2FF) [75%]' material=private no shell
[15:36:30.161] [info]   recipe Skyrim-92DED: light on NPC Spine2 [Spn2] x1.00, NPC Pelvis [Pelv] x0.56
[15:36:30.161] [info]   recipe Skyrim-92DED: light on NPC Head [Head] x1.00
[15:36:30.161] [info] actor 00000014 (123): 3 piece(s), 3 recipe(s) applied
[15:36:30.161] [info] apply armor 000FE300 actor FF00095A geometry 'TorsoLow:0' material=private no shell
[15:36:30.161] [info] actor FF00095A (Faendal): 1 piece(s), 1 recipe(s) applied
[15:36:32.617] [info] actor 00000014: retired 3 recipe(s)
[15:36:32.617] [info] actor FF00095A: retired 1 recipe(s)
[15:36:32.617] [info] pin: Skyrim-92DEE shown on armor 000FE2FF of actor 00000014 (3rd) while viewed
[15:36:32.618] [info] apply armor 000CF80F actor 00000014 geometry ' (00036198)[0]/ (000CF80F) [75%]' material=private shell (PBR copy, additive, skin cloned, buffers shared, emissive storage cloned, inflation own skin data (copied))
[15:36:32.618] [info] apply armor 000FE2FF actor 00000014 geometry 'TorsoLow:0' material=private shell (PBR copy, additive, skin cloned, buffers shared, emissive storage cloned, inflation own skin data (copied))
[15:36:32.618] [info] apply armor 000FE2FF actor 00000014 geometry ' (00098BB3)[0]/ (000FE2FF) [75%]' material=private no shell
[15:36:32.618] [info]   recipe Skyrim-92DEE: light on NPC Spine2 [Spn2] x1.00, NPC Pelvis [Pelv] x0.56
[15:36:32.618] [info]   recipe Skyrim-92DED: light on NPC Head [Head] x1.00
[15:36:32.618] [info] actor 00000014 (123): 3 piece(s), 3 recipe(s) applied
[15:36:32.619] [info] apply armor 000FE300 actor FF00095A geometry 'TorsoLow:0' material=private no shell
[15:36:32.619] [info] actor FF00095A (Faendal): 1 piece(s), 1 recipe(s) applied
[15:36:37.497] [info] actor 00000014: retired 3 recipe(s)
[15:36:37.497] [info] actor FF00095A: retired 1 recipe(s)
[15:36:37.497] [info] pin: Skyrim-92DE9 shown on armor 000FE2FF of actor 00000014 (3rd) while viewed
[15:36:37.498] [info] apply armor 000CF80F actor 00000014 geometry ' (00036198)[0]/ (000CF80F) [75%]' material=private shell (PBR copy, additive, skin cloned, buffers shared, emissive storage cloned, inflation own skin data (copied))
[15:36:37.498] [info] apply armor 000FE2FF actor 00000014 geometry 'TorsoLow:0' material=private shell (PBR copy, additive, skin cloned, buffers shared, emissive storage cloned, inflation own skin data (copied))
[15:36:37.499] [info] apply armor 000FE2FF actor 00000014 geometry ' (00098BB3)[0]/ (000FE2FF) [75%]' material=private no shell
[15:36:37.499] [info]   recipe Skyrim-92DE9: light on NPC Spine2 [Spn2] x1.00, NPC Pelvis [Pelv] x0.56
[15:36:37.499] [info]   recipe Skyrim-92DED: light on NPC Head [Head] x1.00
[15:36:37.499] [info] actor 00000014 (123): 3 piece(s), 3 recipe(s) applied
[15:36:37.499] [info] apply armor 000FE300 actor FF00095A geometry 'TorsoLow:0' material=private no shell
[15:36:37.499] [info] actor FF00095A (Faendal): 1 piece(s), 1 recipe(s) applied
[15:36:39.336] [info] actor 00000014: retired 3 recipe(s)
[15:36:39.336] [info] actor FF00095A: retired 1 recipe(s)
[15:36:39.336] [info] pin: Skyrim-BCF27 shown on armor 000FE2FF of actor 00000014 (3rd) while viewed
[15:36:39.337] [info] apply armor 000CF80F actor 00000014 geometry ' (00036198)[0]/ (000CF80F) [75%]' material=private shell (PBR copy, additive, skin cloned, buffers shared, emissive storage cloned, inflation own skin data (copied))
[15:36:39.337] [info] apply armor 000FE2FF actor 00000014 geometry 'TorsoLow:0' material=private shell (PBR copy, additive, skin cloned, buffers shared, emissive storage cloned, inflation own skin data (copied))
[15:36:39.337] [info] apply armor 000FE2FF actor 00000014 geometry ' (00098BB3)[0]/ (000FE2FF) [75%]' material=private no shell
[15:36:39.337] [info]   recipe Skyrim-BCF27: light on NPC Spine2 [Spn2] x1.00, NPC Pelvis [Pelv] x0.56
[15:36:39.337] [info]   recipe Skyrim-92DED: light on NPC Head [Head] x1.00
[15:36:39.337] [info] actor 00000014 (123): 3 piece(s), 3 recipe(s) applied
[15:36:39.337] [info] apply armor 000FE300 actor FF00095A geometry 'TorsoLow:0' material=private no shell
[15:36:39.337] [info] actor FF00095A (Faendal): 1 piece(s), 1 recipe(s) applied
[15:36:45.689] [info] actor 00000014: retired 3 recipe(s)
[15:36:45.689] [info] actor FF00095A: retired 1 recipe(s)
[15:36:45.689] [info] pin: cleared
[15:36:45.689] [info] apply armor 000CF80F actor 00000014 geometry ' (00036198)[0]/ (000CF80F) [75%]' material=private shell (PBR copy, additive, skin cloned, buffers shared, emissive storage cloned, inflation own skin data (copied))
[15:36:45.689] [info] apply armor 000FE2FF actor 00000014 geometry 'TorsoLow:0' material=private no shell
[15:36:45.689] [info] apply armor 000FE2FF actor 00000014 geometry ' (00098BB3)[0]/ (000FE2FF) [75%]' material=private no shell
[15:36:45.689] [info]   recipe Skyrim-92DED: light on NPC Head [Head] x1.00
[15:36:45.689] [info] actor 00000014 (123): 3 piece(s), 2 recipe(s) applied
[15:36:45.690] [info] apply armor 000FE300 actor FF00095A geometry 'TorsoLow:0' material=private no shell
[15:36:45.690] [info] actor FF00095A (Faendal): 1 piece(s), 1 recipe(s) applied
[15:36:49.383] [info] actor 00000014: retired 2 recipe(s)
[15:36:49.383] [info] actor FF00095A: retired 1 recipe(s)
[15:36:49.383] [info] apply armor 000CF80F actor 00000014 geometry ' (00036198)[0]/ (000CF80F) [75%]' material=untouched no shell
[15:36:49.383] [info] apply armor 000FE2FF actor 00000014 geometry 'TorsoLow:0' material=private no shell
[15:36:49.383] [info] apply armor 000FE2FF actor 00000014 geometry ' (00098BB3)[0]/ (000FE2FF) [75%]' material=private no shell
[15:36:49.383] [info] actor 00000014 (123): 3 piece(s), 1 recipe(s) applied
[15:36:49.383] [info] apply armor 000FE300 actor FF00095A geometry 'TorsoLow:0' material=private no shell
[15:36:49.383] [info] actor FF00095A (Faendal): 1 piece(s), 1 recipe(s) applied
[15:36:50.402] [info] actor 00000014: retired 1 recipe(s)
[15:36:50.402] [info] actor FF00095A: retired 1 recipe(s)
[15:36:50.402] [info] apply armor 000CF80F actor 00000014 geometry ' (00036198)[0]/ (000CF80F) [75%]' material=private shell (PBR copy, additive, skin cloned, buffers shared, emissive storage cloned, inflation own skin data (copied))
[15:36:50.402] [info] apply armor 000FE2FF actor 00000014 geometry 'TorsoLow:0' material=private no shell
[15:36:50.403] [info] apply armor 000FE2FF actor 00000014 geometry ' (00098BB3)[0]/ (000FE2FF) [75%]' material=private no shell
[15:36:50.403] [info]   recipe Skyrim-92DED: light on NPC Head [Head] x1.00
[15:36:50.403] [info] actor 00000014 (123): 3 piece(s), 2 recipe(s) applied
[15:36:50.403] [info] apply armor 000FE300 actor FF00095A geometry 'TorsoLow:0' material=private no shell
[15:36:50.403] [info] actor FF00095A (Faendal): 1 piece(s), 1 recipe(s) applied
[15:36:59.617] [info] actor 00000014: retired 2 recipe(s)
[15:36:59.617] [info] actor FF00095A: retired 1 recipe(s)
[15:36:59.617] [info] pin: Skyrim-5D606 shown on armor 000FE2FF of actor 00000014 (3rd) while viewed
[15:36:59.617] [info] apply armor 000CF80F actor 00000014 geometry ' (00036198)[0]/ (000CF80F) [75%]' material=private shell (PBR copy, additive, skin cloned, buffers shared, emissive storage cloned, inflation own skin data (copied))
[15:36:59.621] [info] apply armor 000FE2FF actor 00000014 geometry 'TorsoLow:0' material=private shell (PBR copy, additive, skin cloned, buffers shared, emissive storage cloned, inflation own skin data (copied))
[15:36:59.621] [info] apply armor 000FE2FF actor 00000014 geometry ' (00098BB3)[0]/ (000FE2FF) [75%]' material=private no shell
[15:36:59.621] [info]   recipe Skyrim-5D606: light on NPC Spine2 [Spn2] x1.00, NPC Pelvis [Pelv] x0.56
[15:36:59.621] [info]   recipe Skyrim-92DED: light on NPC Head [Head] x1.00
[15:36:59.621] [info] actor 00000014 (123): 3 piece(s), 3 recipe(s) applied
[15:36:59.621] [info] apply armor 000FE300 actor FF00095A geometry 'TorsoLow:0' material=private no shell
[15:36:59.621] [info] actor FF00095A (Faendal): 1 piece(s), 1 recipe(s) applied
[15:37:24.775] [info] actor 00000014: retired 3 recipe(s)
[15:37:24.775] [info] actor FF00095A: retired 1 recipe(s)
[15:37:24.776] [info] apply armor 000CF80F actor 00000014 geometry ' (00036198)[0]/ (000CF80F) [75%]' material=untouched no shell
[15:37:24.776] [info] apply armor 000FE2FF actor 00000014 geometry 'TorsoLow:0' material=private shell (PBR copy, additive, skin cloned, buffers shared, emissive storage cloned, inflation own skin data (copied))
[15:37:24.776] [info] apply armor 000FE2FF actor 00000014 geometry ' (00098BB3)[0]/ (000FE2FF) [75%]' material=untouched no shell
[15:37:24.776] [info]   recipe Skyrim-5D606: light on NPC Spine2 [Spn2] x1.00, NPC Pelvis [Pelv] x0.56
[15:37:24.776] [info] actor 00000014 (123): 3 piece(s), 1 recipe(s) applied
[15:37:25.294] [info] actor 00000014: retired 1 recipe(s)
[15:37:25.294] [info] apply armor 000CF80F actor 00000014 geometry ' (00036198)[0]/ (000CF80F) [75%]' material=private shell (PBR copy, additive, skin cloned, buffers shared, emissive storage cloned, inflation own skin data (copied))
[15:37:25.294] [info] apply armor 000FE2FF actor 00000014 geometry 'TorsoLow:0' material=private shell (PBR copy, additive, skin cloned, buffers shared, emissive storage cloned, inflation own skin data (copied))
[15:37:25.295] [info] apply armor 000FE2FF actor 00000014 geometry ' (00098BB3)[0]/ (000FE2FF) [75%]' material=private no shell
[15:37:25.295] [info]   recipe Skyrim-5D606: light on NPC Spine2 [Spn2] x1.00, NPC Pelvis [Pelv] x0.56
[15:37:25.295] [info]   recipe Skyrim-92DED: light on NPC Head [Head] x1.00
[15:37:25.295] [info] actor 00000014 (123): 3 piece(s), 3 recipe(s) applied
[15:37:25.295] [info] apply armor 000FE300 actor FF00095A geometry 'TorsoLow:0' material=private no shell
[15:37:25.295] [info] actor FF00095A (Faendal): 1 piece(s), 1 recipe(s) applied
[15:37:25.878] [info] actor 00000014: retired 3 recipe(s)
[15:37:25.878] [info] actor FF00095A: retired 1 recipe(s)
[15:37:25.879] [info] apply armor 000CF80F actor 00000014 geometry ' (00036198)[0]/ (000CF80F) [75%]' material=untouched no shell
[15:37:25.879] [info] apply armor 000FE2FF actor 00000014 geometry 'TorsoLow:0' material=private shell (PBR copy, additive, skin cloned, buffers shared, emissive storage cloned, inflation own skin data (copied))
[15:37:25.879] [info] apply armor 000FE2FF actor 00000014 geometry ' (00098BB3)[0]/ (000FE2FF) [75%]' material=untouched no shell
[15:37:25.879] [info]   recipe Skyrim-5D606: light on NPC Spine2 [Spn2] x1.00, NPC Pelvis [Pelv] x0.56
[15:37:25.879] [info] actor 00000014 (123): 3 piece(s), 1 recipe(s) applied
[15:37:26.546] [info] actor 00000014: retired 1 recipe(s)
[15:37:26.547] [info] apply armor 000CF80F actor 00000014 geometry ' (00036198)[0]/ (000CF80F) [75%]' material=private shell (PBR copy, additive, skin cloned, buffers shared, emissive storage cloned, inflation own skin data (copied))
[15:37:26.547] [info] apply armor 000FE2FF actor 00000014 geometry 'TorsoLow:0' material=private shell (PBR copy, additive, skin cloned, buffers shared, emissive storage cloned, inflation own skin data (copied))
[15:37:26.547] [info] apply armor 000FE2FF actor 00000014 geometry ' (00098BB3)[0]/ (000FE2FF) [75%]' material=private no shell
[15:37:26.547] [info]   recipe Skyrim-5D606: light on NPC Spine2 [Spn2] x1.00, NPC Pelvis [Pelv] x0.56
[15:37:26.547] [info]   recipe Skyrim-92DED: light on NPC Head [Head] x1.00
[15:37:26.547] [info] actor 00000014 (123): 3 piece(s), 3 recipe(s) applied
[15:37:26.547] [info] apply armor 000FE300 actor FF00095A geometry 'TorsoLow:0' material=private no shell
[15:37:26.547] [info] actor FF00095A (Faendal): 1 piece(s), 1 recipe(s) applied
[15:37:27.115] [info] actor 00000014: retired 3 recipe(s)
[15:37:27.115] [info] actor FF00095A: retired 1 recipe(s)
[15:37:27.115] [info] apply armor 000CF80F actor 00000014 geometry ' (00036198)[0]/ (000CF80F) [75%]' material=untouched no shell
[15:37:27.116] [info] apply armor 000FE2FF actor 00000014 geometry 'TorsoLow:0' material=private shell (PBR copy, additive, skin cloned, buffers shared, emissive storage cloned, inflation own skin data (copied))
[15:37:27.116] [info] apply armor 000FE2FF actor 00000014 geometry ' (00098BB3)[0]/ (000FE2FF) [75%]' material=untouched no shell
[15:37:27.116] [info]   recipe Skyrim-5D606: light on NPC Spine2 [Spn2] x1.00, NPC Pelvis [Pelv] x0.56
[15:37:27.116] [info] actor 00000014 (123): 3 piece(s), 1 recipe(s) applied
[15:37:27.549] [info] actor 00000014: retired 1 recipe(s)
[15:37:27.550] [info] apply armor 000CF80F actor 00000014 geometry ' (00036198)[0]/ (000CF80F) [75%]' material=private shell (PBR copy, additive, skin cloned, buffers shared, emissive storage cloned, inflation own skin data (copied))
[15:37:27.550] [info] apply armor 000FE2FF actor 00000014 geometry 'TorsoLow:0' material=private shell (PBR copy, additive, skin cloned, buffers shared, emissive storage cloned, inflation own skin data (copied))
[15:37:27.550] [info] apply armor 000FE2FF actor 00000014 geometry ' (00098BB3)[0]/ (000FE2FF) [75%]' material=private no shell
[15:37:27.550] [info]   recipe Skyrim-5D606: light on NPC Spine2 [Spn2] x1.00, NPC Pelvis [Pelv] x0.56
[15:37:27.550] [info]   recipe Skyrim-92DED: light on NPC Head [Head] x1.00
[15:37:27.550] [info] actor 00000014 (123): 3 piece(s), 3 recipe(s) applied
[15:37:27.550] [info] apply armor 000FE300 actor FF00095A geometry 'TorsoLow:0' material=private no shell
[15:37:27.550] [info] actor FF00095A (Faendal): 1 piece(s), 1 recipe(s) applied
[15:37:28.201] [info] actor 00000014: retired 3 recipe(s)
[15:37:28.201] [info] actor FF00095A: retired 1 recipe(s)
[15:37:28.201] [info] apply armor 000CF80F actor 00000014 geometry ' (00036198)[0]/ (000CF80F) [75%]' material=untouched no shell
[15:37:28.202] [info] apply armor 000FE2FF actor 00000014 geometry 'TorsoLow:0' material=private shell (PBR copy, additive, skin cloned, buffers shared, emissive storage cloned, inflation own skin data (copied))
[15:37:28.202] [info] apply armor 000FE2FF actor 00000014 geometry ' (00098BB3)[0]/ (000FE2FF) [75%]' material=untouched no shell
[15:37:28.202] [info]   recipe Skyrim-5D606: light on NPC Spine2 [Spn2] x1.00, NPC Pelvis [Pelv] x0.56
[15:37:28.202] [info] actor 00000014 (123): 3 piece(s), 1 recipe(s) applied
[15:37:28.585] [info] actor 00000014: retired 1 recipe(s)
[15:37:28.586] [info] apply armor 000CF80F actor 00000014 geometry ' (00036198)[0]/ (000CF80F) [75%]' material=private shell (PBR copy, additive, skin cloned, buffers shared, emissive storage cloned, inflation own skin data (copied))
[15:37:28.586] [info] apply armor 000FE2FF actor 00000014 geometry 'TorsoLow:0' material=private shell (PBR copy, additive, skin cloned, buffers shared, emissive storage cloned, inflation own skin data (copied))
[15:37:28.586] [info] apply armor 000FE2FF actor 00000014 geometry ' (00098BB3)[0]/ (000FE2FF) [75%]' material=private no shell
[15:37:28.586] [info]   recipe Skyrim-5D606: light on NPC Spine2 [Spn2] x1.00, NPC Pelvis [Pelv] x0.56
[15:37:28.586] [info]   recipe Skyrim-92DED: light on NPC Head [Head] x1.00
[15:37:28.586] [info] actor 00000014 (123): 3 piece(s), 3 recipe(s) applied
[15:37:28.586] [info] apply armor 000FE300 actor FF00095A geometry 'TorsoLow:0' material=private no shell
[15:37:28.586] [info] actor FF00095A (Faendal): 1 piece(s), 1 recipe(s) applied
[15:37:29.890] [info] actor 00000014: retired 3 recipe(s)
[15:37:29.890] [info] actor FF00095A: retired 1 recipe(s)
[15:37:29.890] [info] apply armor 000CF80F actor 00000014 geometry ' (00036198)[0]/ (000CF80F) [75%]' material=untouched no shell
[15:37:29.890] [info] apply armor 000FE2FF actor 00000014 geometry 'TorsoLow:0' material=private shell (PBR copy, additive, skin cloned, buffers shared, emissive storage cloned, inflation own skin data (copied))
[15:37:29.890] [info] apply armor 000FE2FF actor 00000014 geometry ' (00098BB3)[0]/ (000FE2FF) [75%]' material=untouched no shell
[15:37:29.890] [info]   recipe Skyrim-5D606: light on NPC Spine2 [Spn2] x1.00, NPC Pelvis [Pelv] x0.56
[15:37:29.890] [info] actor 00000014 (123): 3 piece(s), 1 recipe(s) applied
[15:37:30.626] [info] actor 00000014: retired 1 recipe(s)
[15:37:30.626] [info] apply armor 000CF80F actor 00000014 geometry ' (00036198)[0]/ (000CF80F) [75%]' material=private shell (PBR copy, additive, skin cloned, buffers shared, emissive storage cloned, inflation own skin data (copied))
[15:37:30.626] [info] apply armor 000FE2FF actor 00000014 geometry 'TorsoLow:0' material=private shell (PBR copy, additive, skin cloned, buffers shared, emissive storage cloned, inflation own skin data (copied))
[15:37:30.626] [info] apply armor 000FE2FF actor 00000014 geometry ' (00098BB3)[0]/ (000FE2FF) [75%]' material=private no shell
[15:37:30.626] [info]   recipe Skyrim-5D606: light on NPC Spine2 [Spn2] x1.00, NPC Pelvis [Pelv] x0.56
[15:37:30.626] [info]   recipe Skyrim-92DED: light on NPC Head [Head] x1.00
[15:37:30.626] [info] actor 00000014 (123): 3 piece(s), 3 recipe(s) applied
[15:37:30.627] [info] apply armor 000FE300 actor FF00095A geometry 'TorsoLow:0' material=private no shell
[15:37:30.627] [info] actor FF00095A (Faendal): 1 piece(s), 1 recipe(s) applied
[15:37:31.294] [info] actor 00000014: retired 3 recipe(s)
[15:37:31.294] [info] actor FF00095A: retired 1 recipe(s)
[15:37:31.294] [info] apply armor 000CF80F actor 00000014 geometry ' (00036198)[0]/ (000CF80F) [75%]' material=untouched no shell
[15:37:31.294] [info] apply armor 000FE2FF actor 00000014 geometry 'TorsoLow:0' material=private shell (PBR copy, additive, skin cloned, buffers shared, emissive storage cloned, inflation own skin data (copied))
[15:37:31.294] [info] apply armor 000FE2FF actor 00000014 geometry ' (00098BB3)[0]/ (000FE2FF) [75%]' material=untouched no shell
[15:37:31.294] [info]   recipe Skyrim-5D606: light on NPC Spine2 [Spn2] x1.00, NPC Pelvis [Pelv] x0.56
[15:37:31.294] [info] actor 00000014 (123): 3 piece(s), 1 recipe(s) applied
[15:38:10.723] [info] actor 00000014: retired 1 recipe(s)
[15:38:10.724] [info] apply armor 000CF80F actor 00000014 geometry ' (00036198)[0]/ (000CF80F) [75%]' material=private shell (PBR copy, additive, skin cloned, buffers shared, emissive storage cloned, inflation own skin data (copied))
[15:38:10.724] [info] apply armor 000FE2FF actor 00000014 geometry 'TorsoLow:0' material=private shell (PBR copy, additive, skin cloned, buffers shared, emissive storage cloned, inflation own skin data (copied))
[15:38:10.724] [info] apply armor 000FE2FF actor 00000014 geometry ' (00098BB3)[0]/ (000FE2FF) [75%]' material=private no shell
[15:38:10.724] [info]   recipe Skyrim-5D606: light on NPC Spine2 [Spn2] x1.00, NPC Pelvis [Pelv] x0.56
[15:38:10.724] [info]   recipe Skyrim-92DED: light on NPC Head [Head] x1.00
[15:38:10.724] [info] actor 00000014 (123): 3 piece(s), 3 recipe(s) applied
[15:38:10.725] [info] apply armor 000FE300 actor FF00095A geometry 'TorsoLow:0' material=private no shell
[15:38:10.725] [info] actor FF00095A (Faendal): 1 piece(s), 1 recipe(s) applied
[15:38:11.627] [info] actor 00000014: retired 3 recipe(s)
[15:38:11.627] [info] actor FF00095A: retired 1 recipe(s)
[15:38:11.627] [info] apply armor 000CF80F actor 00000014 geometry ' (00036198)[0]/ (000CF80F) [75%]' material=untouched no shell
[15:38:11.627] [info] apply armor 000FE2FF actor 00000014 geometry 'TorsoLow:0' material=private shell (PBR copy, additive, skin cloned, buffers shared, emissive storage cloned, inflation own skin data (copied))
[15:38:11.627] [info] apply armor 000FE2FF actor 00000014 geometry ' (00098BB3)[0]/ (000FE2FF) [75%]' material=untouched no shell
[15:38:11.627] [info]   recipe Skyrim-5D606: light on NPC Spine2 [Spn2] x1.00, NPC Pelvis [Pelv] x0.56
[15:38:11.627] [info] actor 00000014 (123): 3 piece(s), 1 recipe(s) applied
[15:38:12.062] [info] actor 00000014: retired 1 recipe(s)
[15:38:12.062] [info] apply armor 000CF80F actor 00000014 geometry ' (00036198)[0]/ (000CF80F) [75%]' material=private shell (PBR copy, additive, skin cloned, buffers shared, emissive storage cloned, inflation own skin data (copied))
[15:38:12.063] [info] apply armor 000FE2FF actor 00000014 geometry 'TorsoLow:0' material=private shell (PBR copy, additive, skin cloned, buffers shared, emissive storage cloned, inflation own skin data (copied))
[15:38:12.063] [info] apply armor 000FE2FF actor 00000014 geometry ' (00098BB3)[0]/ (000FE2FF) [75%]' material=private no shell
[15:38:12.063] [info]   recipe Skyrim-5D606: light on NPC Spine2 [Spn2] x1.00, NPC Pelvis [Pelv] x0.56
[15:38:12.063] [info]   recipe Skyrim-92DED: light on NPC Head [Head] x1.00
[15:38:12.063] [info] actor 00000014 (123): 3 piece(s), 3 recipe(s) applied
[15:38:12.063] [info] apply armor 000FE300 actor FF00095A geometry 'TorsoLow:0' material=private no shell
[15:38:12.063] [info] actor FF00095A (Faendal): 1 piece(s), 1 recipe(s) applied
[15:38:12.463] [info] actor 00000014: retired 3 recipe(s)
[15:38:12.463] [info] actor FF00095A: retired 1 recipe(s)
[15:38:12.463] [info] apply armor 000CF80F actor 00000014 geometry ' (00036198)[0]/ (000CF80F) [75%]' material=untouched no shell
[15:38:12.464] [info] apply armor 000FE2FF actor 00000014 geometry 'TorsoLow:0' material=private shell (PBR copy, additive, skin cloned, buffers shared, emissive storage cloned, inflation own skin data (copied))
[15:38:12.464] [info] apply armor 000FE2FF actor 00000014 geometry ' (00098BB3)[0]/ (000FE2FF) [75%]' material=untouched no shell
[15:38:12.464] [info]   recipe Skyrim-5D606: light on NPC Spine2 [Spn2] x1.00, NPC Pelvis [Pelv] x0.56
[15:38:12.464] [info] actor 00000014 (123): 3 piece(s), 1 recipe(s) applied
[15:38:12.781] [info] actor 00000014: retired 1 recipe(s)
[15:38:12.782] [info] apply armor 000CF80F actor 00000014 geometry ' (00036198)[0]/ (000CF80F) [75%]' material=private shell (PBR copy, additive, skin cloned, buffers shared, emissive storage cloned, inflation own skin data (copied))
[15:38:12.782] [info] apply armor 000FE2FF actor 00000014 geometry 'TorsoLow:0' material=private shell (PBR copy, additive, skin cloned, buffers shared, emissive storage cloned, inflation own skin data (copied))
[15:38:12.782] [info] apply armor 000FE2FF actor 00000014 geometry ' (00098BB3)[0]/ (000FE2FF) [75%]' material=private no shell
[15:38:12.782] [info]   recipe Skyrim-5D606: light on NPC Spine2 [Spn2] x1.00, NPC Pelvis [Pelv] x0.56
[15:38:12.782] [info]   recipe Skyrim-92DED: light on NPC Head [Head] x1.00
[15:38:12.782] [info] actor 00000014 (123): 3 piece(s), 3 recipe(s) applied
[15:38:12.782] [info] apply armor 000FE300 actor FF00095A geometry 'TorsoLow:0' material=private no shell
[15:38:12.782] [info] actor FF00095A (Faendal): 1 piece(s), 1 recipe(s) applied
[15:38:12.998] [info] actor 00000014: retired 3 recipe(s)
[15:38:12.998] [info] actor FF00095A: retired 1 recipe(s)
[15:38:12.999] [info] apply armor 000CF80F actor 00000014 geometry ' (00036198)[0]/ (000CF80F) [75%]' material=untouched no shell
[15:38:12.999] [info] apply armor 000FE2FF actor 00000014 geometry 'TorsoLow:0' material=private shell (PBR copy, additive, skin cloned, buffers shared, emissive storage cloned, inflation own skin data (copied))
[15:38:12.999] [info] apply armor 000FE2FF actor 00000014 geometry ' (00098BB3)[0]/ (000FE2FF) [75%]' material=untouched no shell
[15:38:12.999] [info]   recipe Skyrim-5D606: light on NPC Spine2 [Spn2] x1.00, NPC Pelvis [Pelv] x0.56
[15:38:12.999] [info] actor 00000014 (123): 3 piece(s), 1 recipe(s) applied
[15:38:13.183] [info] actor 00000014: retired 1 recipe(s)
[15:38:13.183] [info] apply armor 000CF80F actor 00000014 geometry ' (00036198)[0]/ (000CF80F) [75%]' material=private shell (PBR copy, additive, skin cloned, buffers shared, emissive storage cloned, inflation own skin data (copied))
[15:38:13.183] [info] apply armor 000FE2FF actor 00000014 geometry 'TorsoLow:0' material=private shell (PBR copy, additive, skin cloned, buffers shared, emissive storage cloned, inflation own skin data (copied))
[15:38:13.183] [info] apply armor 000FE2FF actor 00000014 geometry ' (00098BB3)[0]/ (000FE2FF) [75%]' material=private no shell
[15:38:13.184] [info]   recipe Skyrim-5D606: light on NPC Spine2 [Spn2] x1.00, NPC Pelvis [Pelv] x0.56
[15:38:13.184] [info]   recipe Skyrim-92DED: light on NPC Head [Head] x1.00
[15:38:13.184] [info] actor 00000014 (123): 3 piece(s), 3 recipe(s) applied
[15:38:13.184] [info] apply armor 000FE300 actor FF00095A geometry 'TorsoLow:0' material=private no shell
[15:38:13.184] [info] actor FF00095A (Faendal): 1 piece(s), 1 recipe(s) applied
[15:38:13.350] [info] actor 00000014: retired 3 recipe(s)
[15:38:13.350] [info] actor FF00095A: retired 1 recipe(s)
[15:38:13.351] [info] apply armor 000CF80F actor 00000014 geometry ' (00036198)[0]/ (000CF80F) [75%]' material=untouched no shell
[15:38:13.351] [info] apply armor 000FE2FF actor 00000014 geometry 'TorsoLow:0' material=private shell (PBR copy, additive, skin cloned, buffers shared, emissive storage cloned, inflation own skin data (copied))
[15:38:13.351] [info] apply armor 000FE2FF actor 00000014 geometry ' (00098BB3)[0]/ (000FE2FF) [75%]' material=untouched no shell
[15:38:13.351] [info]   recipe Skyrim-5D606: light on NPC Spine2 [Spn2] x1.00, NPC Pelvis [Pelv] x0.56
[15:38:13.351] [info] actor 00000014 (123): 3 piece(s), 1 recipe(s) applied
[15:38:13.735] [info] actor 00000014: retired 1 recipe(s)
[15:38:13.735] [info] apply armor 000CF80F actor 00000014 geometry ' (00036198)[0]/ (000CF80F) [75%]' material=private shell (PBR copy, additive, skin cloned, buffers shared, emissive storage cloned, inflation own skin data (copied))
[15:38:13.736] [info] apply armor 000FE2FF actor 00000014 geometry 'TorsoLow:0' material=private shell (PBR copy, additive, skin cloned, buffers shared, emissive storage cloned, inflation own skin data (copied))
[15:38:13.736] [info] apply armor 000FE2FF actor 00000014 geometry ' (00098BB3)[0]/ (000FE2FF) [75%]' material=private no shell
[15:38:13.736] [info]   recipe Skyrim-5D606: light on NPC Spine2 [Spn2] x1.00, NPC Pelvis [Pelv] x0.56
[15:38:13.736] [info]   recipe Skyrim-92DED: light on NPC Head [Head] x1.00
[15:38:13.736] [info] actor 00000014 (123): 3 piece(s), 3 recipe(s) applied
[15:38:13.736] [info] apply armor 000FE300 actor FF00095A geometry 'TorsoLow:0' material=private no shell
[15:38:13.736] [info] actor FF00095A (Faendal): 1 piece(s), 1 recipe(s) applied
[15:38:13.936] [info] actor 00000014: retired 3 recipe(s)
[15:38:13.936] [info] actor FF00095A: retired 1 recipe(s)
[15:38:13.936] [info] apply armor 000CF80F actor 00000014 geometry ' (00036198)[0]/ (000CF80F) [75%]' material=untouched no shell
[15:38:13.936] [info] apply armor 000FE2FF actor 00000014 geometry 'TorsoLow:0' material=private shell (PBR copy, additive, skin cloned, buffers shared, emissive storage cloned, inflation own skin data (copied))
[15:38:13.936] [info] apply armor 000FE2FF actor 00000014 geometry ' (00098BB3)[0]/ (000FE2FF) [75%]' material=untouched no shell
[15:38:13.937] [info]   recipe Skyrim-5D606: light on NPC Spine2 [Spn2] x1.00, NPC Pelvis [Pelv] x0.56
[15:38:13.937] [info] actor 00000014 (123): 3 piece(s), 1 recipe(s) applied
[15:38:14.103] [info] actor 00000014: retired 1 recipe(s)
[15:38:14.103] [info] apply armor 000CF80F actor 00000014 geometry ' (00036198)[0]/ (000CF80F) [75%]' material=private shell (PBR copy, additive, skin cloned, buffers shared, emissive storage cloned, inflation own skin data (copied))
[15:38:14.104] [info] apply armor 000FE2FF actor 00000014 geometry 'TorsoLow:0' material=private shell (PBR copy, additive, skin cloned, buffers shared, emissive storage cloned, inflation own skin data (copied))
[15:38:14.104] [info] apply armor 000FE2FF actor 00000014 geometry ' (00098BB3)[0]/ (000FE2FF) [75%]' material=private no shell
[15:38:14.104] [info]   recipe Skyrim-5D606: light on NPC Spine2 [Spn2] x1.00, NPC Pelvis [Pelv] x0.56
[15:38:14.104] [info]   recipe Skyrim-92DED: light on NPC Head [Head] x1.00
[15:38:14.104] [info] actor 00000014 (123): 3 piece(s), 3 recipe(s) applied
[15:38:14.104] [info] apply armor 000FE300 actor FF00095A geometry 'TorsoLow:0' material=private no shell
[15:38:14.104] [info] actor FF00095A (Faendal): 1 piece(s), 1 recipe(s) applied
[15:38:14.253] [info] actor 00000014: retired 3 recipe(s)
[15:38:14.253] [info] actor FF00095A: retired 1 recipe(s)
[15:38:14.254] [info] apply armor 000CF80F actor 00000014 geometry ' (00036198)[0]/ (000CF80F) [75%]' material=untouched no shell
[15:38:14.254] [info] apply armor 000FE2FF actor 00000014 geometry 'TorsoLow:0' material=private shell (PBR copy, additive, skin cloned, buffers shared, emissive storage cloned, inflation own skin data (copied))
[15:38:14.254] [info] apply armor 000FE2FF actor 00000014 geometry ' (00098BB3)[0]/ (000FE2FF) [75%]' material=untouched no shell
[15:38:14.254] [info]   recipe Skyrim-5D606: light on NPC Spine2 [Spn2] x1.00, NPC Pelvis [Pelv] x0.56
[15:38:14.254] [info] actor 00000014 (123): 3 piece(s), 1 recipe(s) applied
[15:38:14.403] [info] actor 00000014: retired 1 recipe(s)
[15:38:14.404] [info] apply armor 000CF80F actor 00000014 geometry ' (00036198)[0]/ (000CF80F) [75%]' material=private shell (PBR copy, additive, skin cloned, buffers shared, emissive storage cloned, inflation own skin data (copied))
[15:38:14.404] [info] apply armor 000FE2FF actor 00000014 geometry 'TorsoLow:0' material=private shell (PBR copy, additive, skin cloned, buffers shared, emissive storage cloned, inflation own skin data (copied))
[15:38:14.404] [info] apply armor 000FE2FF actor 00000014 geometry ' (00098BB3)[0]/ (000FE2FF) [75%]' material=private no shell
[15:38:14.404] [info]   recipe Skyrim-5D606: light on NPC Spine2 [Spn2] x1.00, NPC Pelvis [Pelv] x0.56
[15:38:14.404] [info]   recipe Skyrim-92DED: light on NPC Head [Head] x1.00
[15:38:14.404] [info] actor 00000014 (123): 3 piece(s), 3 recipe(s) applied
[15:38:14.405] [info] apply armor 000FE300 actor FF00095A geometry 'TorsoLow:0' material=private no shell
[15:38:14.405] [info] actor FF00095A (Faendal): 1 piece(s), 1 recipe(s) applied
[15:38:14.570] [info] actor 00000014: retired 3 recipe(s)
[15:38:14.570] [info] actor FF00095A: retired 1 recipe(s)
[15:38:14.571] [info] apply armor 000CF80F actor 00000014 geometry ' (00036198)[0]/ (000CF80F) [75%]' material=untouched no shell
[15:38:14.571] [info] apply armor 000FE2FF actor 00000014 geometry 'TorsoLow:0' material=private shell (PBR copy, additive, skin cloned, buffers shared, emissive storage cloned, inflation own skin data (copied))
[15:38:14.571] [info] apply armor 000FE2FF actor 00000014 geometry ' (00098BB3)[0]/ (000FE2FF) [75%]' material=untouched no shell
[15:38:14.571] [info]   recipe Skyrim-5D606: light on NPC Spine2 [Spn2] x1.00, NPC Pelvis [Pelv] x0.56
[15:38:14.571] [info] actor 00000014 (123): 3 piece(s), 1 recipe(s) applied
[15:38:14.704] [info] actor 00000014: retired 1 recipe(s)
[15:38:14.705] [info] apply armor 000CF80F actor 00000014 geometry ' (00036198)[0]/ (000CF80F) [75%]' material=private shell (PBR copy, additive, skin cloned, buffers shared, emissive storage cloned, inflation own skin data (copied))
[15:38:14.705] [info] apply armor 000FE2FF actor 00000014 geometry 'TorsoLow:0' material=private shell (PBR copy, additive, skin cloned, buffers shared, emissive storage cloned, inflation own skin data (copied))
[15:38:14.705] [info] apply armor 000FE2FF actor 00000014 geometry ' (00098BB3)[0]/ (000FE2FF) [75%]' material=private no shell
[15:38:14.705] [info]   recipe Skyrim-5D606: light on NPC Spine2 [Spn2] x1.00, NPC Pelvis [Pelv] x0.56
[15:38:14.705] [info]   recipe Skyrim-92DED: light on NPC Head [Head] x1.00
[15:38:14.705] [info] actor 00000014 (123): 3 piece(s), 3 recipe(s) applied
[15:38:14.705] [info] apply armor 000FE300 actor FF00095A geometry 'TorsoLow:0' material=private no shell
[15:38:14.705] [info] actor FF00095A (Faendal): 1 piece(s), 1 recipe(s) applied
[15:38:14.854] [info] actor 00000014: retired 3 recipe(s)
[15:38:14.854] [info] actor FF00095A: retired 1 recipe(s)
[15:38:14.855] [info] apply armor 000CF80F actor 00000014 geometry ' (00036198)[0]/ (000CF80F) [75%]' material=untouched no shell
[15:38:14.855] [info] apply armor 000FE2FF actor 00000014 geometry 'TorsoLow:0' material=private shell (PBR copy, additive, skin cloned, buffers shared, emissive storage cloned, inflation own skin data (copied))
[15:38:14.855] [info] apply armor 000FE2FF actor 00000014 geometry ' (00098BB3)[0]/ (000FE2FF) [75%]' material=untouched no shell
[15:38:14.855] [info]   recipe Skyrim-5D606: light on NPC Spine2 [Spn2] x1.00, NPC Pelvis [Pelv] x0.56
[15:38:14.855] [info] actor 00000014 (123): 3 piece(s), 1 recipe(s) applied
[15:38:15.004] [info] actor 00000014: retired 1 recipe(s)
[15:38:15.005] [info] apply armor 000CF80F actor 00000014 geometry ' (00036198)[0]/ (000CF80F) [75%]' material=private shell (PBR copy, additive, skin cloned, buffers shared, emissive storage cloned, inflation own skin data (copied))
[15:38:15.005] [info] apply armor 000FE2FF actor 00000014 geometry 'TorsoLow:0' material=private shell (PBR copy, additive, skin cloned, buffers shared, emissive storage cloned, inflation own skin data (copied))
[15:38:15.005] [info] apply armor 000FE2FF actor 00000014 geometry ' (00098BB3)[0]/ (000FE2FF) [75%]' material=private no shell
[15:38:15.005] [info]   recipe Skyrim-5D606: light on NPC Spine2 [Spn2] x1.00, NPC Pelvis [Pelv] x0.56
[15:38:15.005] [info]   recipe Skyrim-92DED: light on NPC Head [Head] x1.00
[15:38:15.005] [info] actor 00000014 (123): 3 piece(s), 3 recipe(s) applied
[15:38:15.005] [info] apply armor 000FE300 actor FF00095A geometry 'TorsoLow:0' material=private no shell
[15:38:15.005] [info] actor FF00095A (Faendal): 1 piece(s), 1 recipe(s) applied
[15:38:15.138] [info] actor 00000014: retired 3 recipe(s)
[15:38:15.138] [info] actor FF00095A: retired 1 recipe(s)
[15:38:15.138] [info] apply armor 000CF80F actor 00000014 geometry ' (00036198)[0]/ (000CF80F) [75%]' material=untouched no shell
[15:38:15.139] [info] apply armor 000FE2FF actor 00000014 geometry 'TorsoLow:0' material=private shell (PBR copy, additive, skin cloned, buffers shared, emissive storage cloned, inflation own skin data (copied))
[15:38:15.139] [info] apply armor 000FE2FF actor 00000014 geometry ' (00098BB3)[0]/ (000FE2FF) [75%]' material=untouched no shell
[15:38:15.139] [info]   recipe Skyrim-5D606: light on NPC Spine2 [Spn2] x1.00, NPC Pelvis [Pelv] x0.56
[15:38:15.139] [info] actor 00000014 (123): 3 piece(s), 1 recipe(s) applied
[15:38:15.288] [info] actor 00000014: retired 1 recipe(s)
[15:38:15.289] [info] apply armor 000CF80F actor 00000014 geometry ' (00036198)[0]/ (000CF80F) [75%]' material=private shell (PBR copy, additive, skin cloned, buffers shared, emissive storage cloned, inflation own skin data (copied))
[15:38:15.290] [info] apply armor 000FE2FF actor 00000014 geometry 'TorsoLow:0' material=private shell (PBR copy, additive, skin cloned, buffers shared, emissive storage cloned, inflation own skin data (copied))
[15:38:15.290] [info] apply armor 000FE2FF actor 00000014 geometry ' (00098BB3)[0]/ (000FE2FF) [75%]' material=private no shell
[15:38:15.290] [info]   recipe Skyrim-5D606: light on NPC Spine2 [Spn2] x1.00, NPC Pelvis [Pelv] x0.56
[15:38:15.290] [info]   recipe Skyrim-92DED: light on NPC Head [Head] x1.00
[15:38:15.290] [info] actor 00000014 (123): 3 piece(s), 3 recipe(s) applied
[15:38:15.290] [info] apply armor 000FE300 actor FF00095A geometry 'TorsoLow:0' material=private no shell
[15:38:15.290] [info] actor FF00095A (Faendal): 1 piece(s), 1 recipe(s) applied
[15:38:15.422] [info] actor 00000014: retired 3 recipe(s)
[15:38:15.422] [info] actor FF00095A: retired 1 recipe(s)
[15:38:15.423] [info] apply armor 000CF80F actor 00000014 geometry ' (00036198)[0]/ (000CF80F) [75%]' material=untouched no shell
[15:38:15.423] [info] apply armor 000FE2FF actor 00000014 geometry 'TorsoLow:0' material=private shell (PBR copy, additive, skin cloned, buffers shared, emissive storage cloned, inflation own skin data (copied))
[15:38:15.423] [info] apply armor 000FE2FF actor 00000014 geometry ' (00098BB3)[0]/ (000FE2FF) [75%]' material=untouched no shell
[15:38:15.423] [info]   recipe Skyrim-5D606: light on NPC Spine2 [Spn2] x1.00, NPC Pelvis [Pelv] x0.56
[15:38:15.423] [info] actor 00000014 (123): 3 piece(s), 1 recipe(s) applied
[15:38:15.556] [info] actor 00000014: retired 1 recipe(s)
[15:38:15.557] [info] apply armor 000CF80F actor 00000014 geometry ' (00036198)[0]/ (000CF80F) [75%]' material=private shell (PBR copy, additive, skin cloned, buffers shared, emissive storage cloned, inflation own skin data (copied))
[15:38:15.557] [info] apply armor 000FE2FF actor 00000014 geometry 'TorsoLow:0' material=private shell (PBR copy, additive, skin cloned, buffers shared, emissive storage cloned, inflation own skin data (copied))
[15:38:15.557] [info] apply armor 000FE2FF actor 00000014 geometry ' (00098BB3)[0]/ (000FE2FF) [75%]' material=private no shell
[15:38:15.557] [info]   recipe Skyrim-5D606: light on NPC Spine2 [Spn2] x1.00, NPC Pelvis [Pelv] x0.56
[15:38:15.557] [info]   recipe Skyrim-92DED: light on NPC Head [Head] x1.00
[15:38:15.557] [info] actor 00000014 (123): 3 piece(s), 3 recipe(s) applied
[15:38:15.557] [info] apply armor 000FE300 actor FF00095A geometry 'TorsoLow:0' material=private no shell
[15:38:15.557] [info] actor FF00095A (Faendal): 1 piece(s), 1 recipe(s) applied
[15:38:15.673] [info] actor 00000014: retired 3 recipe(s)
[15:38:15.673] [info] actor FF00095A: retired 1 recipe(s)
[15:38:15.673] [info] apply armor 000CF80F actor 00000014 geometry ' (00036198)[0]/ (000CF80F) [75%]' material=untouched no shell
[15:38:15.674] [info] apply armor 000FE2FF actor 00000014 geometry 'TorsoLow:0' material=private shell (PBR copy, additive, skin cloned, buffers shared, emissive storage cloned, inflation own skin data (copied))
[15:38:15.674] [info] apply armor 000FE2FF actor 00000014 geometry ' (00098BB3)[0]/ (000FE2FF) [75%]' material=untouched no shell
[15:38:15.674] [info]   recipe Skyrim-5D606: light on NPC Spine2 [Spn2] x1.00, NPC Pelvis [Pelv] x0.56
[15:38:15.674] [info] actor 00000014 (123): 3 piece(s), 1 recipe(s) applied
[15:38:15.807] [info] actor 00000014: retired 1 recipe(s)
[15:38:15.807] [info] apply armor 000CF80F actor 00000014 geometry ' (00036198)[0]/ (000CF80F) [75%]' material=private shell (PBR copy, additive, skin cloned, buffers shared, emissive storage cloned, inflation own skin data (copied))
[15:38:15.807] [info] apply armor 000FE2FF actor 00000014 geometry 'TorsoLow:0' material=private shell (PBR copy, additive, skin cloned, buffers shared, emissive storage cloned, inflation own skin data (copied))
[15:38:15.807] [info] apply armor 000FE2FF actor 00000014 geometry ' (00098BB3)[0]/ (000FE2FF) [75%]' material=private no shell
[15:38:15.808] [info]   recipe Skyrim-5D606: light on NPC Spine2 [Spn2] x1.00, NPC Pelvis [Pelv] x0.56
[15:38:15.808] [info]   recipe Skyrim-92DED: light on NPC Head [Head] x1.00
[15:38:15.808] [info] actor 00000014 (123): 3 piece(s), 3 recipe(s) applied
[15:38:15.808] [info] apply armor 000FE300 actor FF00095A geometry 'TorsoLow:0' material=private no shell
[15:38:15.808] [info] actor FF00095A (Faendal): 1 piece(s), 1 recipe(s) applied
[15:38:15.923] [info] actor 00000014: retired 3 recipe(s)
[15:38:15.923] [info] actor FF00095A: retired 1 recipe(s)
[15:38:15.924] [info] apply armor 000CF80F actor 00000014 geometry ' (00036198)[0]/ (000CF80F) [75%]' material=untouched no shell
[15:38:15.924] [info] apply armor 000FE2FF actor 00000014 geometry 'TorsoLow:0' material=private shell (PBR copy, additive, skin cloned, buffers shared, emissive storage cloned, inflation own skin data (copied))
[15:38:15.924] [info] apply armor 000FE2FF actor 00000014 geometry ' (00098BB3)[0]/ (000FE2FF) [75%]' material=untouched no shell
[15:38:15.924] [info]   recipe Skyrim-5D606: light on NPC Spine2 [Spn2] x1.00, NPC Pelvis [Pelv] x0.56
[15:38:15.924] [info] actor 00000014 (123): 3 piece(s), 1 recipe(s) applied
[15:38:16.057] [info] actor 00000014: retired 1 recipe(s)
[15:38:16.057] [info] apply armor 000CF80F actor 00000014 geometry ' (00036198)[0]/ (000CF80F) [75%]' material=private shell (PBR copy, additive, skin cloned, buffers shared, emissive storage cloned, inflation own skin data (copied))
[15:38:16.058] [info] apply armor 000FE2FF actor 00000014 geometry 'TorsoLow:0' material=private shell (PBR copy, additive, skin cloned, buffers shared, emissive storage cloned, inflation own skin data (copied))
[15:38:16.058] [info] apply armor 000FE2FF actor 00000014 geometry ' (00098BB3)[0]/ (000FE2FF) [75%]' material=private no shell
[15:38:16.058] [info]   recipe Skyrim-5D606: light on NPC Spine2 [Spn2] x1.00, NPC Pelvis [Pelv] x0.56
[15:38:16.058] [info]   recipe Skyrim-92DED: light on NPC Head [Head] x1.00
[15:38:16.058] [info] actor 00000014 (123): 3 piece(s), 3 recipe(s) applied
[15:38:16.058] [info] apply armor 000FE300 actor FF00095A geometry 'TorsoLow:0' material=private no shell
[15:38:16.058] [info] actor FF00095A (Faendal): 1 piece(s), 1 recipe(s) applied
[15:38:16.157] [info] actor 00000014: retired 3 recipe(s)
[15:38:16.157] [info] actor FF00095A: retired 1 recipe(s)
[15:38:16.157] [info] apply armor 000CF80F actor 00000014 geometry ' (00036198)[0]/ (000CF80F) [75%]' material=untouched no shell
[15:38:16.158] [info] apply armor 000FE2FF actor 00000014 geometry 'TorsoLow:0' material=private shell (PBR copy, additive, skin cloned, buffers shared, emissive storage cloned, inflation own skin data (copied))
[15:38:16.158] [info] apply armor 000FE2FF actor 00000014 geometry ' (00098BB3)[0]/ (000FE2FF) [75%]' material=untouched no shell
[15:38:16.158] [info]   recipe Skyrim-5D606: light on NPC Spine2 [Spn2] x1.00, NPC Pelvis [Pelv] x0.56
[15:38:16.158] [info] actor 00000014 (123): 3 piece(s), 1 recipe(s) applied
[15:38:16.274] [info] actor 00000014: retired 1 recipe(s)
[15:38:16.275] [info] apply armor 000CF80F actor 00000014 geometry ' (00036198)[0]/ (000CF80F) [75%]' material=private shell (PBR copy, additive, skin cloned, buffers shared, emissive storage cloned, inflation own skin data (copied))
[15:38:16.275] [info] apply armor 000FE2FF actor 00000014 geometry 'TorsoLow:0' material=private shell (PBR copy, additive, skin cloned, buffers shared, emissive storage cloned, inflation own skin data (copied))
[15:38:16.275] [info] apply armor 000FE2FF actor 00000014 geometry ' (00098BB3)[0]/ (000FE2FF) [75%]' material=private no shell
[15:38:16.275] [info]   recipe Skyrim-5D606: light on NPC Spine2 [Spn2] x1.00, NPC Pelvis [Pelv] x0.56
[15:38:16.275] [info]   recipe Skyrim-92DED: light on NPC Head [Head] x1.00
[15:38:16.275] [info] actor 00000014 (123): 3 piece(s), 3 recipe(s) applied
[15:38:16.275] [info] apply armor 000FE300 actor FF00095A geometry 'TorsoLow:0' material=private no shell
[15:38:16.275] [info] actor FF00095A (Faendal): 1 piece(s), 1 recipe(s) applied
[15:38:16.391] [info] actor 00000014: retired 3 recipe(s)
[15:38:16.391] [info] actor FF00095A: retired 1 recipe(s)
[15:38:16.391] [info] apply armor 000CF80F actor 00000014 geometry ' (00036198)[0]/ (000CF80F) [75%]' material=untouched no shell
[15:38:16.392] [info] apply armor 000FE2FF actor 00000014 geometry 'TorsoLow:0' material=private shell (PBR copy, additive, skin cloned, buffers shared, emissive storage cloned, inflation own skin data (copied))
[15:38:16.392] [info] apply armor 000FE2FF actor 00000014 geometry ' (00098BB3)[0]/ (000FE2FF) [75%]' material=untouched no shell
[15:38:16.392] [info]   recipe Skyrim-5D606: light on NPC Spine2 [Spn2] x1.00, NPC Pelvis [Pelv] x0.56
[15:38:16.392] [info] actor 00000014 (123): 3 piece(s), 1 recipe(s) applied
[15:38:16.642] [info] actor 00000014: retired 1 recipe(s)
[15:38:16.643] [info] apply armor 000CF80F actor 00000014 geometry ' (00036198)[0]/ (000CF80F) [75%]' material=private shell (PBR copy, additive, skin cloned, buffers shared, emissive storage cloned, inflation own skin data (copied))
[15:38:16.643] [info] apply armor 000FE2FF actor 00000014 geometry 'TorsoLow:0' material=private shell (PBR copy, additive, skin cloned, buffers shared, emissive storage cloned, inflation own skin data (copied))
[15:38:16.643] [info] apply armor 000FE2FF actor 00000014 geometry ' (00098BB3)[0]/ (000FE2FF) [75%]' material=private no shell
[15:38:16.643] [info]   recipe Skyrim-5D606: light on NPC Spine2 [Spn2] x1.00, NPC Pelvis [Pelv] x0.56
[15:38:16.643] [info]   recipe Skyrim-92DED: light on NPC Head [Head] x1.00
[15:38:16.643] [info] actor 00000014 (123): 3 piece(s), 3 recipe(s) applied
[15:38:16.643] [info] apply armor 000FE300 actor FF00095A geometry 'TorsoLow:0' material=private no shell
[15:38:16.643] [info] actor FF00095A (Faendal): 1 piece(s), 1 recipe(s) applied
[15:38:16.759] [info] actor 00000014: retired 3 recipe(s)
[15:38:16.759] [info] actor FF00095A: retired 1 recipe(s)
[15:38:16.759] [info] apply armor 000CF80F actor 00000014 geometry ' (00036198)[0]/ (000CF80F) [75%]' material=untouched no shell
[15:38:16.759] [info] apply armor 000FE2FF actor 00000014 geometry 'TorsoLow:0' material=private shell (PBR copy, additive, skin cloned, buffers shared, emissive storage cloned, inflation own skin data (copied))
[15:38:16.759] [info] apply armor 000FE2FF actor 00000014 geometry ' (00098BB3)[0]/ (000FE2FF) [75%]' material=untouched no shell
[15:38:16.759] [info]   recipe Skyrim-5D606: light on NPC Spine2 [Spn2] x1.00, NPC Pelvis [Pelv] x0.56
[15:38:16.759] [info] actor 00000014 (123): 3 piece(s), 1 recipe(s) applied
[15:38:16.893] [info] actor 00000014: retired 1 recipe(s)
[15:38:16.894] [info] apply armor 000CF80F actor 00000014 geometry ' (00036198)[0]/ (000CF80F) [75%]' material=private shell (PBR copy, additive, skin cloned, buffers shared, emissive storage cloned, inflation own skin data (copied))
[15:38:16.894] [info] apply armor 000FE2FF actor 00000014 geometry 'TorsoLow:0' material=private shell (PBR copy, additive, skin cloned, buffers shared, emissive storage cloned, inflation own skin data (copied))
[15:38:16.894] [info] apply armor 000FE2FF actor 00000014 geometry ' (00098BB3)[0]/ (000FE2FF) [75%]' material=private no shell
[15:38:16.894] [info]   recipe Skyrim-5D606: light on NPC Spine2 [Spn2] x1.00, NPC Pelvis [Pelv] x0.56
[15:38:16.894] [info]   recipe Skyrim-92DED: light on NPC Head [Head] x1.00
[15:38:16.894] [info] actor 00000014 (123): 3 piece(s), 3 recipe(s) applied
[15:38:16.894] [info] apply armor 000FE300 actor FF00095A geometry 'TorsoLow:0' material=private no shell
[15:38:16.894] [info] actor FF00095A (Faendal): 1 piece(s), 1 recipe(s) applied
[15:38:17.060] [info] actor 00000014: retired 3 recipe(s)
[15:38:17.060] [info] actor FF00095A: retired 1 recipe(s)
[15:38:17.060] [info] apply armor 000CF80F actor 00000014 geometry ' (00036198)[0]/ (000CF80F) [75%]' material=untouched no shell
[15:38:17.061] [info] apply armor 000FE2FF actor 00000014 geometry 'TorsoLow:0' material=private shell (PBR copy, additive, skin cloned, buffers shared, emissive storage cloned, inflation own skin data (copied))
[15:38:17.061] [info] apply armor 000FE2FF actor 00000014 geometry ' (00098BB3)[0]/ (000FE2FF) [75%]' material=untouched no shell
[15:38:17.061] [info]   recipe Skyrim-5D606: light on NPC Spine2 [Spn2] x1.00, NPC Pelvis [Pelv] x0.56
[15:38:17.061] [info] actor 00000014 (123): 3 piece(s), 1 recipe(s) applied
[15:38:34.651] [info] actor 00000014: retired 1 recipe(s)
[15:38:34.652] [info] apply armor 000CF80F actor 00000014 geometry ' (00036198)[0]/ (000CF80F) [75%]' material=private shell (PBR copy, additive, skin cloned, buffers shared, emissive storage cloned, inflation own skin data (copied))
[15:38:34.652] [info] apply armor 000FE2FF actor 00000014 geometry 'TorsoLow:0' material=private shell (PBR copy, additive, skin cloned, buffers shared, emissive storage cloned, inflation own skin data (copied))
[15:38:34.652] [info] apply armor 000FE2FF actor 00000014 geometry ' (00098BB3)[0]/ (000FE2FF) [75%]' material=private no shell
[15:38:34.652] [info]   recipe Skyrim-5D606: light on NPC Spine2 [Spn2] x1.00, NPC Pelvis [Pelv] x0.56
[15:38:34.652] [info]   recipe Skyrim-92DED: light on NPC Head [Head] x1.00
[15:38:34.652] [info] actor 00000014 (123): 3 piece(s), 3 recipe(s) applied
[15:38:34.652] [info] apply armor 000FE300 actor FF00095A geometry 'TorsoLow:0' material=private no shell
[15:38:34.652] [info] actor FF00095A (Faendal): 1 piece(s), 1 recipe(s) applied
[15:38:35.954] [info] actor 00000014: retired 3 recipe(s)
[15:38:35.954] [info] actor FF00095A: retired 1 recipe(s)
[15:38:35.954] [info] pin: cleared
[15:38:35.955] [info] apply armor 000CF80F actor 00000014 geometry ' (00036198)[0]/ (000CF80F) [75%]' material=private shell (PBR copy, additive, skin cloned, buffers shared, emissive storage cloned, inflation own skin data (copied))
[15:38:35.955] [info] apply armor 000FE2FF actor 00000014 geometry 'TorsoLow:0' material=private no shell
[15:38:35.955] [info] apply armor 000FE2FF actor 00000014 geometry ' (00098BB3)[0]/ (000FE2FF) [75%]' material=private no shell
[15:38:35.955] [info]   recipe Skyrim-92DED: light on NPC Head [Head] x1.00
[15:38:35.955] [info] actor 00000014 (123): 3 piece(s), 2 recipe(s) applied
[15:38:35.955] [info] apply armor 000FE300 actor FF00095A geometry 'TorsoLow:0' material=private no shell
[15:38:35.955] [info] actor FF00095A (Faendal): 1 piece(s), 1 recipe(s) applied
[15:38:37.023] [info] actor 00000014: retired 2 recipe(s)
[15:38:37.023] [info] actor FF00095A: retired 1 recipe(s)
[15:38:37.024] [info] apply armor 000CF80F actor 00000014 geometry ' (00036198)[0]/ (000CF80F) [75%]' material=untouched no shell
[15:38:37.024] [info] apply armor 000FE2FF actor 00000014 geometry 'TorsoLow:0' material=private no shell
[15:38:37.024] [info] apply armor 000FE2FF actor 00000014 geometry ' (00098BB3)[0]/ (000FE2FF) [75%]' material=private no shell
[15:38:37.024] [info] actor 00000014 (123): 3 piece(s), 1 recipe(s) applied
[15:38:37.024] [info] apply armor 000FE300 actor FF00095A geometry 'TorsoLow:0' material=private no shell
[15:38:37.024] [info] actor FF00095A (Faendal): 1 piece(s), 1 recipe(s) applied
[15:38:37.174] [info] actor 00000014: retired 1 recipe(s)
[15:38:37.174] [info] actor FF00095A: retired 1 recipe(s)
[15:38:37.174] [info] apply armor 000CF80F actor 00000014 geometry ' (00036198)[0]/ (000CF80F) [75%]' material=private shell (PBR copy, additive, skin cloned, buffers shared, emissive storage cloned, inflation own skin data (copied))
[15:38:37.174] [info] apply armor 000FE2FF actor 00000014 geometry 'TorsoLow:0' material=private no shell
[15:38:37.174] [info] apply armor 000FE2FF actor 00000014 geometry ' (00098BB3)[0]/ (000FE2FF) [75%]' material=private no shell
[15:38:37.174] [info]   recipe Skyrim-92DED: light on NPC Head [Head] x1.00
[15:38:37.174] [info] actor 00000014 (123): 3 piece(s), 2 recipe(s) applied
[15:38:37.174] [info] apply armor 000FE300 actor FF00095A geometry 'TorsoLow:0' material=private no shell
[15:38:37.174] [info] actor FF00095A (Faendal): 1 piece(s), 1 recipe(s) applied
[15:38:37.357] [info] actor 00000014: retired 2 recipe(s)
[15:38:37.357] [info] actor FF00095A: retired 1 recipe(s)
[15:38:37.357] [info] apply armor 000CF80F actor 00000014 geometry ' (00036198)[0]/ (000CF80F) [75%]' material=untouched no shell
[15:38:37.358] [info] apply armor 000FE2FF actor 00000014 geometry 'TorsoLow:0' material=private no shell
[15:38:37.358] [info] apply armor 000FE2FF actor 00000014 geometry ' (00098BB3)[0]/ (000FE2FF) [75%]' material=private no shell
[15:38:37.358] [info] actor 00000014 (123): 3 piece(s), 1 recipe(s) applied
[15:38:37.358] [info] apply armor 000FE300 actor FF00095A geometry 'TorsoLow:0' material=private no shell
[15:38:37.358] [info] actor FF00095A (Faendal): 1 piece(s), 1 recipe(s) applied
[15:38:37.507] [info] actor 00000014: retired 1 recipe(s)
[15:38:37.507] [info] actor FF00095A: retired 1 recipe(s)
[15:38:37.508] [info] apply armor 000CF80F actor 00000014 geometry ' (00036198)[0]/ (000CF80F) [75%]' material=private shell (PBR copy, additive, skin cloned, buffers shared, emissive storage cloned, inflation own skin data (copied))
[15:38:37.508] [info] apply armor 000FE2FF actor 00000014 geometry 'TorsoLow:0' material=private no shell
[15:38:37.508] [info] apply armor 000FE2FF actor 00000014 geometry ' (00098BB3)[0]/ (000FE2FF) [75%]' material=private no shell
[15:38:37.508] [info]   recipe Skyrim-92DED: light on NPC Head [Head] x1.00
[15:38:37.508] [info] actor 00000014 (123): 3 piece(s), 2 recipe(s) applied
[15:38:37.508] [info] apply armor 000FE300 actor FF00095A geometry 'TorsoLow:0' material=private no shell
[15:38:37.508] [info] actor FF00095A (Faendal): 1 piece(s), 1 recipe(s) applied
[15:38:37.641] [info] actor 00000014: retired 2 recipe(s)
[15:38:37.641] [info] actor FF00095A: retired 1 recipe(s)
[15:38:37.642] [info] apply armor 000CF80F actor 00000014 geometry ' (00036198)[0]/ (000CF80F) [75%]' material=untouched no shell
[15:38:37.642] [info] apply armor 000FE2FF actor 00000014 geometry 'TorsoLow:0' material=private no shell
[15:38:37.642] [info] apply armor 000FE2FF actor 00000014 geometry ' (00098BB3)[0]/ (000FE2FF) [75%]' material=private no shell
[15:38:37.642] [info] actor 00000014 (123): 3 piece(s), 1 recipe(s) applied
[15:38:37.642] [info] apply armor 000FE300 actor FF00095A geometry 'TorsoLow:0' material=private no shell
[15:38:37.642] [info] actor FF00095A (Faendal): 1 piece(s), 1 recipe(s) applied
[15:38:37.775] [info] actor 00000014: retired 1 recipe(s)
[15:38:37.775] [info] actor FF00095A: retired 1 recipe(s)
[15:38:37.776] [info] apply armor 000CF80F actor 00000014 geometry ' (00036198)[0]/ (000CF80F) [75%]' material=private shell (PBR copy, additive, skin cloned, buffers shared, emissive storage cloned, inflation own skin data (copied))
[15:38:37.776] [info] apply armor 000FE2FF actor 00000014 geometry 'TorsoLow:0' material=private no shell
[15:38:37.776] [info] apply armor 000FE2FF actor 00000014 geometry ' (00098BB3)[0]/ (000FE2FF) [75%]' material=private no shell
[15:38:37.776] [info]   recipe Skyrim-92DED: light on NPC Head [Head] x1.00
[15:38:37.776] [info] actor 00000014 (123): 3 piece(s), 2 recipe(s) applied
[15:38:37.776] [info] apply armor 000FE300 actor FF00095A geometry 'TorsoLow:0' material=private no shell
[15:38:37.776] [info] actor FF00095A (Faendal): 1 piece(s), 1 recipe(s) applied
[15:38:37.908] [info] actor 00000014: retired 2 recipe(s)
[15:38:37.908] [info] actor FF00095A: retired 1 recipe(s)
[15:38:37.909] [info] apply armor 000CF80F actor 00000014 geometry ' (00036198)[0]/ (000CF80F) [75%]' material=untouched no shell
[15:38:37.909] [info] apply armor 000FE2FF actor 00000014 geometry 'TorsoLow:0' material=private no shell
[15:38:37.909] [info] apply armor 000FE2FF actor 00000014 geometry ' (00098BB3)[0]/ (000FE2FF) [75%]' material=private no shell
[15:38:37.909] [info] actor 00000014 (123): 3 piece(s), 1 recipe(s) applied
[15:38:37.909] [info] apply armor 000FE300 actor FF00095A geometry 'TorsoLow:0' material=private no shell
[15:38:37.909] [info] actor FF00095A (Faendal): 1 piece(s), 1 recipe(s) applied
[15:38:38.042] [info] actor 00000014: retired 1 recipe(s)
[15:38:38.042] [info] actor FF00095A: retired 1 recipe(s)
[15:38:38.042] [info] apply armor 000CF80F actor 00000014 geometry ' (00036198)[0]/ (000CF80F) [75%]' material=private shell (PBR copy, additive, skin cloned, buffers shared, emissive storage cloned, inflation own skin data (copied))
[15:38:38.042] [info] apply armor 000FE2FF actor 00000014 geometry 'TorsoLow:0' material=private no shell
[15:38:38.043] [info] apply armor 000FE2FF actor 00000014 geometry ' (00098BB3)[0]/ (000FE2FF) [75%]' material=private no shell
[15:38:38.043] [info]   recipe Skyrim-92DED: light on NPC Head [Head] x1.00
[15:38:38.043] [info] actor 00000014 (123): 3 piece(s), 2 recipe(s) applied
[15:38:38.043] [info] apply armor 000FE300 actor FF00095A geometry 'TorsoLow:0' material=private no shell
[15:38:38.043] [info] actor FF00095A (Faendal): 1 piece(s), 1 recipe(s) applied
[15:38:38.175] [info] actor 00000014: retired 2 recipe(s)
[15:38:38.175] [info] actor FF00095A: retired 1 recipe(s)
[15:38:38.175] [info] apply armor 000CF80F actor 00000014 geometry ' (00036198)[0]/ (000CF80F) [75%]' material=untouched no shell
[15:38:38.176] [info] apply armor 000FE2FF actor 00000014 geometry 'TorsoLow:0' material=private no shell
[15:38:38.176] [info] apply armor 000FE2FF actor 00000014 geometry ' (00098BB3)[0]/ (000FE2FF) [75%]' material=private no shell
[15:38:38.176] [info] actor 00000014 (123): 3 piece(s), 1 recipe(s) applied
[15:38:38.176] [info] apply armor 000FE300 actor FF00095A geometry 'TorsoLow:0' material=private no shell
[15:38:38.176] [info] actor FF00095A (Faendal): 1 piece(s), 1 recipe(s) applied
[15:38:38.309] [info] actor 00000014: retired 1 recipe(s)
[15:38:38.309] [info] actor FF00095A: retired 1 recipe(s)
[15:38:38.310] [info] apply armor 000CF80F actor 00000014 geometry ' (00036198)[0]/ (000CF80F) [75%]' material=private shell (PBR copy, additive, skin cloned, buffers shared, emissive storage cloned, inflation own skin data (copied))
[15:38:38.310] [info] apply armor 000FE2FF actor 00000014 geometry 'TorsoLow:0' material=private no shell
[15:38:38.310] [info] apply armor 000FE2FF actor 00000014 geometry ' (00098BB3)[0]/ (000FE2FF) [75%]' material=private no shell
[15:38:38.310] [info]   recipe Skyrim-92DED: light on NPC Head [Head] x1.00
[15:38:38.310] [info] actor 00000014 (123): 3 piece(s), 2 recipe(s) applied
[15:38:38.310] [info] apply armor 000FE300 actor FF00095A geometry 'TorsoLow:0' material=private no shell
[15:38:38.310] [info] actor FF00095A (Faendal): 1 piece(s), 1 recipe(s) applied
[15:38:38.443] [info] actor 00000014: retired 2 recipe(s)
[15:38:38.443] [info] actor FF00095A: retired 1 recipe(s)
[15:38:38.443] [info] apply armor 000CF80F actor 00000014 geometry ' (00036198)[0]/ (000CF80F) [75%]' material=untouched no shell
[15:38:38.443] [info] apply armor 000FE2FF actor 00000014 geometry 'TorsoLow:0' material=private no shell
[15:38:38.443] [info] apply armor 000FE2FF actor 00000014 geometry ' (00098BB3)[0]/ (000FE2FF) [75%]' material=private no shell
[15:38:38.443] [info] actor 00000014 (123): 3 piece(s), 1 recipe(s) applied
[15:38:38.444] [info] apply armor 000FE300 actor FF00095A geometry 'TorsoLow:0' material=private no shell
[15:38:38.444] [info] actor FF00095A (Faendal): 1 piece(s), 1 recipe(s) applied
[15:38:38.811] [info] actor 00000014: retired 1 recipe(s)
[15:38:38.811] [info] actor FF00095A: retired 1 recipe(s)
[15:38:38.812] [info] apply armor 000CF80F actor 00000014 geometry ' (00036198)[0]/ (000CF80F) [75%]' material=private shell (PBR copy, additive, skin cloned, buffers shared, emissive storage cloned, inflation own skin data (copied))
[15:38:38.812] [info] apply armor 000FE2FF actor 00000014 geometry 'TorsoLow:0' material=private no shell
[15:38:38.812] [info] apply armor 000FE2FF actor 00000014 geometry ' (00098BB3)[0]/ (000FE2FF) [75%]' material=private no shell
[15:38:38.812] [info]   recipe Skyrim-92DED: light on NPC Head [Head] x1.00
[15:38:38.812] [info] actor 00000014 (123): 3 piece(s), 2 recipe(s) applied
[15:38:38.812] [info] apply armor 000FE300 actor FF00095A geometry 'TorsoLow:0' material=private no shell
[15:38:38.812] [info] actor FF00095A (Faendal): 1 piece(s), 1 recipe(s) applied
[15:38:39.312] [info] actor 00000014: retired 2 recipe(s)
[15:38:39.312] [info] actor FF00095A: retired 1 recipe(s)
[15:38:39.312] [info] apply armor 000CF80F actor 00000014 geometry ' (00036198)[0]/ (000CF80F) [75%]' material=untouched no shell
[15:38:39.312] [info] apply armor 000FE2FF actor 00000014 geometry 'TorsoLow:0' material=private no shell
[15:38:39.313] [info] apply armor 000FE2FF actor 00000014 geometry ' (00098BB3)[0]/ (000FE2FF) [75%]' material=private no shell
[15:38:39.313] [info] actor 00000014 (123): 3 piece(s), 1 recipe(s) applied
[15:38:39.313] [info] apply armor 000FE300 actor FF00095A geometry 'TorsoLow:0' material=private no shell
[15:38:39.313] [info] actor FF00095A (Faendal): 1 piece(s), 1 recipe(s) applied
[15:38:40.983] [info] actor 00000014: retired 1 recipe(s)
[15:38:40.983] [info] actor FF00095A: retired 1 recipe(s)
[15:38:40.983] [info] pin: Skyrim-1F03A shown on armor 000FE2FF of actor 00000014 (3rd) while viewed
[15:38:40.983] [info] apply armor 000CF80F actor 00000014 geometry ' (00036198)[0]/ (000CF80F) [75%]' material=untouched no shell
[15:38:40.983] [info] apply armor 000FE2FF actor 00000014 geometry 'TorsoLow:0' material=private no shell
[15:38:40.983] [info] apply armor 000FE2FF actor 00000014 geometry ' (00098BB3)[0]/ (000FE2FF) [75%]' material=private no shell
[15:38:40.983] [info] actor 00000014 (123): 3 piece(s), 1 recipe(s) applied
[15:38:40.984] [info] apply armor 000FE300 actor FF00095A geometry 'TorsoLow:0' material=private no shell
[15:38:40.984] [info] actor FF00095A (Faendal): 1 piece(s), 1 recipe(s) applied
[15:38:43.288] [info] actor 00000014: retired 1 recipe(s)
[15:38:43.288] [info] actor FF00095A: retired 1 recipe(s)
[15:38:43.288] [info] pin: Skyrim-92DE7 shown on armor 000FE2FF of actor 00000014 (3rd) while viewed
[15:38:43.288] [info] apply armor 000CF80F actor 00000014 geometry ' (00036198)[0]/ (000CF80F) [75%]' material=untouched no shell
[15:38:43.288] [info] apply armor 000FE2FF actor 00000014 geometry 'TorsoLow:0' material=private no shell
[15:38:43.288] [info] apply armor 000FE2FF actor 00000014 geometry ' (00098BB3)[0]/ (000FE2FF) [75%]' material=private no shell
[15:38:43.288] [info] actor 00000014 (123): 3 piece(s), 1 recipe(s) applied
[15:38:43.288] [info] apply armor 000FE300 actor FF00095A geometry 'TorsoLow:0' material=private no shell
[15:38:43.288] [info] actor FF00095A (Faendal): 1 piece(s), 1 recipe(s) applied
[15:38:44.709] [info] actor 00000014: retired 1 recipe(s)
[15:38:44.709] [info] actor FF00095A: retired 1 recipe(s)
[15:38:44.709] [info] apply armor 000CF80F actor 00000014 geometry ' (00036198)[0]/ (000CF80F) [75%]' material=private shell (PBR copy, additive, skin cloned, buffers shared, emissive storage cloned, inflation own skin data (copied))
[15:38:44.710] [info] apply armor 000FE2FF actor 00000014 geometry 'TorsoLow:0' material=private shell (PBR copy, additive, skin cloned, buffers shared, emissive storage cloned, inflation own skin data (copied))
[15:38:44.710] [info] apply armor 000FE2FF actor 00000014 geometry ' (00098BB3)[0]/ (000FE2FF) [75%]' material=private no shell
[15:38:44.710] [info]   recipe Skyrim-92DE7: light on NPC Spine2 [Spn2] x1.00, NPC Pelvis [Pelv] x0.56
[15:38:44.710] [info]   recipe Skyrim-92DED: light on NPC Head [Head] x1.00
[15:38:44.710] [info] actor 00000014 (123): 3 piece(s), 3 recipe(s) applied
[15:38:44.710] [info] apply armor 000FE300 actor FF00095A geometry 'TorsoLow:0' material=private no shell
[15:38:44.710] [info] actor FF00095A (Faendal): 1 piece(s), 1 recipe(s) applied
[15:38:47.383] [info] actor 00000014: retired 3 recipe(s)
[15:38:47.383] [info] actor FF00095A: retired 1 recipe(s)
[15:38:47.383] [info] apply armor 000CF80F actor 00000014 geometry ' (00036198)[0]/ (000CF80F) [75%]' material=untouched no shell
[15:38:47.383] [info] apply armor 000FE2FF actor 00000014 geometry 'TorsoLow:0' material=private shell (PBR copy, additive, skin cloned, buffers shared, emissive storage cloned, inflation own skin data (copied))
[15:38:47.383] [info] apply armor 000FE2FF actor 00000014 geometry ' (00098BB3)[0]/ (000FE2FF) [75%]' material=untouched no shell
[15:38:47.383] [info]   recipe Skyrim-92DE7: light on NPC Spine2 [Spn2] x1.00, NPC Pelvis [Pelv] x0.56
[15:38:47.383] [info] actor 00000014 (123): 3 piece(s), 1 recipe(s) applied
[15:38:47.550] [info] actor 00000014: retired 1 recipe(s)
[15:38:47.550] [info] apply armor 000CF80F actor 00000014 geometry ' (00036198)[0]/ (000CF80F) [75%]' material=private shell (PBR copy, additive, skin cloned, buffers shared, emissive storage cloned, inflation own skin data (copied))
[15:38:47.550] [info] apply armor 000FE2FF actor 00000014 geometry 'TorsoLow:0' material=private shell (PBR copy, additive, skin cloned, buffers shared, emissive storage cloned, inflation own skin data (copied))
[15:38:47.551] [info] apply armor 000FE2FF actor 00000014 geometry ' (00098BB3)[0]/ (000FE2FF) [75%]' material=private no shell
[15:38:47.551] [info]   recipe Skyrim-92DE7: light on NPC Spine2 [Spn2] x1.00, NPC Pelvis [Pelv] x0.56
[15:38:47.551] [info]   recipe Skyrim-92DED: light on NPC Head [Head] x1.00
[15:38:47.551] [info] actor 00000014 (123): 3 piece(s), 3 recipe(s) applied
[15:38:47.551] [info] apply armor 000FE300 actor FF00095A geometry 'TorsoLow:0' material=private no shell
[15:38:47.551] [info] actor FF00095A (Faendal): 1 piece(s), 1 recipe(s) applied
[15:38:47.700] [info] actor 00000014: retired 3 recipe(s)
[15:38:47.700] [info] actor FF00095A: retired 1 recipe(s)
[15:38:47.700] [info] apply armor 000CF80F actor 00000014 geometry ' (00036198)[0]/ (000CF80F) [75%]' material=untouched no shell
[15:38:47.700] [info] apply armor 000FE2FF actor 00000014 geometry 'TorsoLow:0' material=private shell (PBR copy, additive, skin cloned, buffers shared, emissive storage cloned, inflation own skin data (copied))
[15:38:47.700] [info] apply armor 000FE2FF actor 00000014 geometry ' (00098BB3)[0]/ (000FE2FF) [75%]' material=untouched no shell
[15:38:47.700] [info]   recipe Skyrim-92DE7: light on NPC Spine2 [Spn2] x1.00, NPC Pelvis [Pelv] x0.56
[15:38:47.700] [info] actor 00000014 (123): 3 piece(s), 1 recipe(s) applied
[15:38:47.850] [info] actor 00000014: retired 1 recipe(s)
[15:38:47.851] [info] apply armor 000CF80F actor 00000014 geometry ' (00036198)[0]/ (000CF80F) [75%]' material=private shell (PBR copy, additive, skin cloned, buffers shared, emissive storage cloned, inflation own skin data (copied))
[15:38:47.851] [info] apply armor 000FE2FF actor 00000014 geometry 'TorsoLow:0' material=private shell (PBR copy, additive, skin cloned, buffers shared, emissive storage cloned, inflation own skin data (copied))
[15:38:47.851] [info] apply armor 000FE2FF actor 00000014 geometry ' (00098BB3)[0]/ (000FE2FF) [75%]' material=private no shell
[15:38:47.851] [info]   recipe Skyrim-92DE7: light on NPC Spine2 [Spn2] x1.00, NPC Pelvis [Pelv] x0.56
[15:38:47.851] [info]   recipe Skyrim-92DED: light on NPC Head [Head] x1.00
[15:38:47.851] [info] actor 00000014 (123): 3 piece(s), 3 recipe(s) applied
[15:38:47.851] [info] apply armor 000FE300 actor FF00095A geometry 'TorsoLow:0' material=private no shell
[15:38:47.851] [info] actor FF00095A (Faendal): 1 piece(s), 1 recipe(s) applied
[15:38:48.134] [info] actor 00000014: retired 3 recipe(s)
[15:38:48.134] [info] actor FF00095A: retired 1 recipe(s)
[15:38:48.134] [info] apply armor 000CF80F actor 00000014 geometry ' (00036198)[0]/ (000CF80F) [75%]' material=untouched no shell
[15:38:48.135] [info] apply armor 000FE2FF actor 00000014 geometry 'TorsoLow:0' material=private shell (PBR copy, additive, skin cloned, buffers shared, emissive storage cloned, inflation own skin data (copied))
[15:38:48.135] [info] apply armor 000FE2FF actor 00000014 geometry ' (00098BB3)[0]/ (000FE2FF) [75%]' material=untouched no shell
[15:38:48.135] [info]   recipe Skyrim-92DE7: light on NPC Spine2 [Spn2] x1.00, NPC Pelvis [Pelv] x0.56
[15:38:48.135] [info] actor 00000014 (123): 3 piece(s), 1 recipe(s) applied
[15:38:48.501] [info] actor 00000014: retired 1 recipe(s)
[15:38:48.502] [info] apply armor 000CF80F actor 00000014 geometry ' (00036198)[0]/ (000CF80F) [75%]' material=private shell (PBR copy, additive, skin cloned, buffers shared, emissive storage cloned, inflation own skin data (copied))
[15:38:48.502] [info] apply armor 000FE2FF actor 00000014 geometry 'TorsoLow:0' material=private shell (PBR copy, additive, skin cloned, buffers shared, emissive storage cloned, inflation own skin data (copied))
[15:38:48.503] [info] apply armor 000FE2FF actor 00000014 geometry ' (00098BB3)[0]/ (000FE2FF) [75%]' material=private no shell
[15:38:48.503] [info]   recipe Skyrim-92DE7: light on NPC Spine2 [Spn2] x1.00, NPC Pelvis [Pelv] x0.56
[15:38:48.503] [info]   recipe Skyrim-92DED: light on NPC Head [Head] x1.00
[15:38:48.503] [info] actor 00000014 (123): 3 piece(s), 3 recipe(s) applied
[15:38:48.503] [info] apply armor 000FE300 actor FF00095A geometry 'TorsoLow:0' material=private no shell
[15:38:48.503] [info] actor FF00095A (Faendal): 1 piece(s), 1 recipe(s) applied
[15:39:12.579] [info] actor 00000014: retired 3 recipe(s)
[15:39:12.579] [info] actor FF00095A: retired 1 recipe(s)
[15:39:12.579] [info] apply armor 000CF80F actor 00000014 geometry ' (00036198)[0]/ (000CF80F) [75%]' material=untouched no shell
[15:39:12.579] [info] apply armor 000FE2FF actor 00000014 geometry 'TorsoLow:0' material=private shell (PBR copy, additive, skin cloned, buffers shared, emissive storage cloned, inflation own skin data (copied))
[15:39:12.579] [info] apply armor 000FE2FF actor 00000014 geometry ' (00098BB3)[0]/ (000FE2FF) [75%]' material=untouched no shell
[15:39:12.579] [info]   recipe Skyrim-92DE7: light on NPC Spine2 [Spn2] x1.00, NPC Pelvis [Pelv] x0.56
[15:39:12.579] [info] actor 00000014 (123): 3 piece(s), 1 recipe(s) applied
[15:39:12.762] [info] actor 00000014: retired 1 recipe(s)
[15:39:12.763] [info] apply armor 000CF80F actor 00000014 geometry ' (00036198)[0]/ (000CF80F) [75%]' material=private shell (PBR copy, additive, skin cloned, buffers shared, emissive storage cloned, inflation own skin data (copied))
[15:39:12.763] [info] apply armor 000FE2FF actor 00000014 geometry 'TorsoLow:0' material=private shell (PBR copy, additive, skin cloned, buffers shared, emissive storage cloned, inflation own skin data (copied))
[15:39:12.763] [info] apply armor 000FE2FF actor 00000014 geometry ' (00098BB3)[0]/ (000FE2FF) [75%]' material=private no shell
[15:39:12.763] [info]   recipe Skyrim-92DE7: light on NPC Spine2 [Spn2] x1.00, NPC Pelvis [Pelv] x0.56
[15:39:12.763] [info]   recipe Skyrim-92DED: light on NPC Head [Head] x1.00
[15:39:12.763] [info] actor 00000014 (123): 3 piece(s), 3 recipe(s) applied
[15:39:12.764] [info] apply armor 000FE300 actor FF00095A geometry 'TorsoLow:0' material=private no shell
[15:39:12.764] [info] actor FF00095A (Faendal): 1 piece(s), 1 recipe(s) applied
[15:39:12.913] [info] actor 00000014: retired 3 recipe(s)
[15:39:12.913] [info] actor FF00095A: retired 1 recipe(s)
[15:39:12.913] [info] apply armor 000CF80F actor 00000014 geometry ' (00036198)[0]/ (000CF80F) [75%]' material=untouched no shell
[15:39:12.914] [info] apply armor 000FE2FF actor 00000014 geometry 'TorsoLow:0' material=private shell (PBR copy, additive, skin cloned, buffers shared, emissive storage cloned, inflation own skin data (copied))
[15:39:12.914] [info] apply armor 000FE2FF actor 00000014 geometry ' (00098BB3)[0]/ (000FE2FF) [75%]' material=untouched no shell
[15:39:12.914] [info]   recipe Skyrim-92DE7: light on NPC Spine2 [Spn2] x1.00, NPC Pelvis [Pelv] x0.56
[15:39:12.914] [info] actor 00000014 (123): 3 piece(s), 1 recipe(s) applied
[15:39:13.063] [info] actor 00000014: retired 1 recipe(s)
[15:39:13.064] [info] apply armor 000CF80F actor 00000014 geometry ' (00036198)[0]/ (000CF80F) [75%]' material=private shell (PBR copy, additive, skin cloned, buffers shared, emissive storage cloned, inflation own skin data (copied))
[15:39:13.064] [info] apply armor 000FE2FF actor 00000014 geometry 'TorsoLow:0' material=private shell (PBR copy, additive, skin cloned, buffers shared, emissive storage cloned, inflation own skin data (copied))
[15:39:13.064] [info] apply armor 000FE2FF actor 00000014 geometry ' (00098BB3)[0]/ (000FE2FF) [75%]' material=private no shell
[15:39:13.064] [info]   recipe Skyrim-92DE7: light on NPC Spine2 [Spn2] x1.00, NPC Pelvis [Pelv] x0.56
[15:39:13.064] [info]   recipe Skyrim-92DED: light on NPC Head [Head] x1.00
[15:39:13.064] [info] actor 00000014 (123): 3 piece(s), 3 recipe(s) applied
[15:39:13.065] [info] apply armor 000FE300 actor FF00095A geometry 'TorsoLow:0' material=private no shell
[15:39:13.065] [info] actor FF00095A (Faendal): 1 piece(s), 1 recipe(s) applied
[15:39:13.180] [info] actor 00000014: retired 3 recipe(s)
[15:39:13.180] [info] actor FF00095A: retired 1 recipe(s)
[15:39:13.181] [info] apply armor 000CF80F actor 00000014 geometry ' (00036198)[0]/ (000CF80F) [75%]' material=untouched no shell
[15:39:13.181] [info] apply armor 000FE2FF actor 00000014 geometry 'TorsoLow:0' material=private shell (PBR copy, additive, skin cloned, buffers shared, emissive storage cloned, inflation own skin data (copied))
[15:39:13.181] [info] apply armor 000FE2FF actor 00000014 geometry ' (00098BB3)[0]/ (000FE2FF) [75%]' material=untouched no shell
[15:39:13.181] [info]   recipe Skyrim-92DE7: light on NPC Spine2 [Spn2] x1.00, NPC Pelvis [Pelv] x0.56
[15:39:13.181] [info] actor 00000014 (123): 3 piece(s), 1 recipe(s) applied
[15:39:13.348] [info] actor 00000014: retired 1 recipe(s)
[15:39:13.348] [info] apply armor 000CF80F actor 00000014 geometry ' (00036198)[0]/ (000CF80F) [75%]' material=private shell (PBR copy, additive, skin cloned, buffers shared, emissive storage cloned, inflation own skin data (copied))
[15:39:13.349] [info] apply armor 000FE2FF actor 00000014 geometry 'TorsoLow:0' material=private shell (PBR copy, additive, skin cloned, buffers shared, emissive storage cloned, inflation own skin data (copied))
[15:39:13.349] [info] apply armor 000FE2FF actor 00000014 geometry ' (00098BB3)[0]/ (000FE2FF) [75%]' material=private no shell
[15:39:13.349] [info]   recipe Skyrim-92DE7: light on NPC Spine2 [Spn2] x1.00, NPC Pelvis [Pelv] x0.56
[15:39:13.349] [info]   recipe Skyrim-92DED: light on NPC Head [Head] x1.00
[15:39:13.349] [info] actor 00000014 (123): 3 piece(s), 3 recipe(s) applied
[15:39:13.349] [info] apply armor 000FE300 actor FF00095A geometry 'TorsoLow:0' material=private no shell
[15:39:13.349] [info] actor FF00095A (Faendal): 1 piece(s), 1 recipe(s) applied
[15:39:13.482] [info] actor 00000014: retired 3 recipe(s)
[15:39:13.482] [info] actor FF00095A: retired 1 recipe(s)
[15:39:13.482] [info] apply armor 000CF80F actor 00000014 geometry ' (00036198)[0]/ (000CF80F) [75%]' material=untouched no shell
[15:39:13.482] [info] apply armor 000FE2FF actor 00000014 geometry 'TorsoLow:0' material=private shell (PBR copy, additive, skin cloned, buffers shared, emissive storage cloned, inflation own skin data (copied))
[15:39:13.482] [info] apply armor 000FE2FF actor 00000014 geometry ' (00098BB3)[0]/ (000FE2FF) [75%]' material=untouched no shell
[15:39:13.482] [info]   recipe Skyrim-92DE7: light on NPC Spine2 [Spn2] x1.00, NPC Pelvis [Pelv] x0.56
[15:39:13.482] [info] actor 00000014 (123): 3 piece(s), 1 recipe(s) applied
[15:39:13.884] [info] actor 00000014: retired 1 recipe(s)
[15:39:13.885] [info] apply armor 000CF80F actor 00000014 geometry ' (00036198)[0]/ (000CF80F) [75%]' material=private shell (PBR copy, additive, skin cloned, buffers shared, emissive storage cloned, inflation own skin data (copied))
[15:39:13.885] [info] apply armor 000FE2FF actor 00000014 geometry 'TorsoLow:0' material=private shell (PBR copy, additive, skin cloned, buffers shared, emissive storage cloned, inflation own skin data (copied))
[15:39:13.885] [info] apply armor 000FE2FF actor 00000014 geometry ' (00098BB3)[0]/ (000FE2FF) [75%]' material=private no shell
[15:39:13.885] [info]   recipe Skyrim-92DE7: light on NPC Spine2 [Spn2] x1.00, NPC Pelvis [Pelv] x0.56
[15:39:13.885] [info]   recipe Skyrim-92DED: light on NPC Head [Head] x1.00
[15:39:13.885] [info] actor 00000014 (123): 3 piece(s), 3 recipe(s) applied
[15:39:13.885] [info] apply armor 000FE300 actor FF00095A geometry 'TorsoLow:0' material=private no shell
[15:39:13.885] [info] actor FF00095A (Faendal): 1 piece(s), 1 recipe(s) applied
[15:39:15.790] [info] actor 00000014: retired 3 recipe(s)
[15:39:15.790] [info] actor FF00095A: retired 1 recipe(s)
[15:39:15.790] [info] pin: cleared
[15:39:15.790] [info] apply armor 000CF80F actor 00000014 geometry ' (00036198)[0]/ (000CF80F) [75%]' material=private shell (PBR copy, additive, skin cloned, buffers shared, emissive storage cloned, inflation own skin data (copied))
[15:39:15.791] [info] apply armor 000FE2FF actor 00000014 geometry 'TorsoLow:0' material=private no shell
[15:39:15.791] [info] apply armor 000FE2FF actor 00000014 geometry ' (00098BB3)[0]/ (000FE2FF) [75%]' material=private no shell
[15:39:15.791] [info]   recipe Skyrim-92DED: light on NPC Head [Head] x1.00
[15:39:15.791] [info] actor 00000014 (123): 3 piece(s), 2 recipe(s) applied
[15:39:15.791] [info] apply armor 000FE300 actor FF00095A geometry 'TorsoLow:0' material=private no shell
[15:39:15.791] [info] actor FF00095A (Faendal): 1 piece(s), 1 recipe(s) applied
[15:39:16.744] [info] actor 00000014: retired 2 recipe(s)
[15:39:16.744] [info] actor FF00095A: retired 1 recipe(s)
[15:39:16.744] [info] apply armor 000CF80F actor 00000014 geometry ' (00036198)[0]/ (000CF80F) [75%]' material=untouched no shell
[15:39:16.745] [info] apply armor 000FE2FF actor 00000014 geometry 'TorsoLow:0' material=private no shell
[15:39:16.745] [info] apply armor 000FE2FF actor 00000014 geometry ' (00098BB3)[0]/ (000FE2FF) [75%]' material=private no shell
[15:39:16.745] [info] actor 00000014 (123): 3 piece(s), 1 recipe(s) applied
[15:39:16.745] [info] apply armor 000FE300 actor FF00095A geometry 'TorsoLow:0' material=private no shell
[15:39:16.745] [info] actor FF00095A (Faendal): 1 piece(s), 1 recipe(s) applied
[15:39:16.895] [info] actor 00000014: retired 1 recipe(s)
[15:39:16.895] [info] actor FF00095A: retired 1 recipe(s)
[15:39:16.895] [info] apply armor 000CF80F actor 00000014 geometry ' (00036198)[0]/ (000CF80F) [75%]' material=private shell (PBR copy, additive, skin cloned, buffers shared, emissive storage cloned, inflation own skin data (copied))
[15:39:16.896] [info] apply armor 000FE2FF actor 00000014 geometry 'TorsoLow:0' material=private no shell
[15:39:16.896] [info] apply armor 000FE2FF actor 00000014 geometry ' (00098BB3)[0]/ (000FE2FF) [75%]' material=private no shell
[15:39:16.896] [info]   recipe Skyrim-92DED: light on NPC Head [Head] x1.00
[15:39:16.896] [info] actor 00000014 (123): 3 piece(s), 2 recipe(s) applied
[15:39:16.896] [info] apply armor 000FE300 actor FF00095A geometry 'TorsoLow:0' material=private no shell
[15:39:16.896] [info] actor FF00095A (Faendal): 1 piece(s), 1 recipe(s) applied
[15:39:17.046] [info] actor 00000014: retired 2 recipe(s)
[15:39:17.046] [info] actor FF00095A: retired 1 recipe(s)
[15:39:17.046] [info] apply armor 000CF80F actor 00000014 geometry ' (00036198)[0]/ (000CF80F) [75%]' material=untouched no shell
[15:39:17.046] [info] apply armor 000FE2FF actor 00000014 geometry 'TorsoLow:0' material=private no shell
[15:39:17.046] [info] apply armor 000FE2FF actor 00000014 geometry ' (00098BB3)[0]/ (000FE2FF) [75%]' material=private no shell
[15:39:17.046] [info] actor 00000014 (123): 3 piece(s), 1 recipe(s) applied
[15:39:17.047] [info] apply armor 000FE300 actor FF00095A geometry 'TorsoLow:0' material=private no shell
[15:39:17.047] [info] actor FF00095A (Faendal): 1 piece(s), 1 recipe(s) applied
[15:39:17.213] [info] actor 00000014: retired 1 recipe(s)
[15:39:17.213] [info] actor FF00095A: retired 1 recipe(s)
[15:39:17.214] [info] apply armor 000CF80F actor 00000014 geometry ' (00036198)[0]/ (000CF80F) [75%]' material=private shell (PBR copy, additive, skin cloned, buffers shared, emissive storage cloned, inflation own skin data (copied))
[15:39:17.214] [info] apply armor 000FE2FF actor 00000014 geometry 'TorsoLow:0' material=private no shell
[15:39:17.214] [info] apply armor 000FE2FF actor 00000014 geometry ' (00098BB3)[0]/ (000FE2FF) [75%]' material=private no shell
[15:39:17.214] [info]   recipe Skyrim-92DED: light on NPC Head [Head] x1.00
[15:39:17.214] [info] actor 00000014 (123): 3 piece(s), 2 recipe(s) applied
[15:39:17.215] [info] apply armor 000FE300 actor FF00095A geometry 'TorsoLow:0' material=private no shell
[15:39:17.215] [info] actor FF00095A (Faendal): 1 piece(s), 1 recipe(s) applied
[15:39:17.548] [info] actor 00000014: retired 2 recipe(s)
[15:39:17.548] [info] actor FF00095A: retired 1 recipe(s)
[15:39:17.548] [info] apply armor 000CF80F actor 00000014 geometry ' (00036198)[0]/ (000CF80F) [75%]' material=untouched no shell
[15:39:17.548] [info] apply armor 000FE2FF actor 00000014 geometry 'TorsoLow:0' material=private no shell
[15:39:17.549] [info] apply armor 000FE2FF actor 00000014 geometry ' (00098BB3)[0]/ (000FE2FF) [75%]' material=private no shell
[15:39:17.549] [info] actor 00000014 (123): 3 piece(s), 1 recipe(s) applied
[15:39:17.549] [info] apply armor 000FE300 actor FF00095A geometry 'TorsoLow:0' material=private no shell
[15:39:17.549] [info] actor FF00095A (Faendal): 1 piece(s), 1 recipe(s) applied
[15:39:17.900] [info] actor 00000014: retired 1 recipe(s)
[15:39:17.900] [info] actor FF00095A: retired 1 recipe(s)
[15:39:17.900] [info] apply armor 000CF80F actor 00000014 geometry ' (00036198)[0]/ (000CF80F) [75%]' material=private shell (PBR copy, additive, skin cloned, buffers shared, emissive storage cloned, inflation own skin data (copied))
[15:39:17.900] [info] apply armor 000FE2FF actor 00000014 geometry 'TorsoLow:0' material=private no shell
[15:39:17.900] [info] apply armor 000FE2FF actor 00000014 geometry ' (00098BB3)[0]/ (000FE2FF) [75%]' material=private no shell
[15:39:17.900] [info]   recipe Skyrim-92DED: light on NPC Head [Head] x1.00
[15:39:17.900] [info] actor 00000014 (123): 3 piece(s), 2 recipe(s) applied
[15:39:17.901] [info] apply armor 000FE300 actor FF00095A geometry 'TorsoLow:0' material=private no shell
[15:39:17.901] [info] actor FF00095A (Faendal): 1 piece(s), 1 recipe(s) applied
[15:39:22.216] [info] actor 00000014: retired 2 recipe(s)
[15:39:22.217] [info] actor FF00095A: retired 1 recipe(s)
[15:39:22.217] [info] apply armor 000CF80F actor 00000014 geometry ' (00036198)[0]/ (000CF80F) [75%]' material=untouched no shell
[15:39:22.217] [info] apply armor 000FE2FF actor 00000014 geometry 'TorsoLow:0' material=private no shell
[15:39:22.217] [info] apply armor 000FE2FF actor 00000014 geometry ' (00098BB3)[0]/ (000FE2FF) [75%]' material=private no shell
[15:39:22.217] [info] actor 00000014 (123): 3 piece(s), 1 recipe(s) applied
[15:39:22.217] [info] apply armor 000FE300 actor FF00095A geometry 'TorsoLow:0' material=private no shell
[15:39:22.217] [info] actor FF00095A (Faendal): 1 piece(s), 1 recipe(s) applied
